index,best_mass,best_AV,mass_min,mass_max,AV_min,AV_max,intersects,min_chi2
1,0.15363636363636363,8.311803300453406,0.14454545454545453,0.16090909090909092,7.511803300453408,9.011803300453403,False,10.162294912831939
2,0.02,3.5,0.015909090909090907,0.025454545454545455,1.3,5.800000000000001,True,3.1896903643573733
3,0.10727272727272727,8.198669196533622,0.08272727272727273,0.13181818181818183,5.498669196533632,10.898669196533612,True,1.091402759106281
5,0.1890909090909091,14.90323139178324,,,,,,74.42592118969084
6,0.3,21.741115342924594,,,,,,27.31960435213221
8,0.06272727272727273,14.322913566249982,0.04818181818181819,0.08363636363636363,11.522913566249992,17.72291356624997,True,0.4416445336748393
9,0.34545454545454546,3.4608274269236676,,,,,,72.37554567317859
11,0.33636363636363636,6.172407633818541,0.2727272727272727,0.4272727272727273,4.57240763381854,8.172407633818544,True,0.09086166771846702
12,0.072,16.037412062183858,,,,,,4376.558623822715
13,0.01818181818181818,16.16928548056046,0.014090909090909091,0.023636363636363636,13.66928548056047,18.769285480560452,True,3.2297817188360884
14,0.16090909090909092,8.022346130938283,0.1409090909090909,0.1972727272727273,6.12234613093829,9.722346130938277,True,4.2376170914008675
15,0.1781818181818182,9.65711334738815,0.15363636363636363,0.2181818181818182,7.757113347388156,11.057113347388144,True,4.935320377068462
16,0.3181818181818182,8.209853173742474,0.2636363636363636,0.39090909090909093,6.909853173742478,9.809853173742468,False,3.983383042839534
17,0.2727272727272727,16.726296726697107,0.2181818181818182,0.35454545454545455,15.126296726697115,18.7262967266971,True,1.4861993663152056
18,0.08636363636363636,12.38822175916118,,,,,,12.739230762418323
20,1.0,17.845240448064196,,,,,,54.07552203949621
21,0.37272727272727274,7.078902316761798,0.3090909090909091,0.4545454545454546,5.678902316761797,8.6789023167618,True,3.99424537138767
22,0.013181818181818182,5.64289245146678,,,,,,13.437294113181485
23,1.4,18.82644643262783,0.9545454545454546,1.4,15.92644643262784,19.12644643262783,False,1.3614264693861173
24,0.34545454545454546,10.546402041344027,0.2727272727272727,0.4545454545454546,8.746402041344034,12.74640204134402,True,0.23265368208222253
25,0.4090909090909091,6.311554851335327,0.34545454545454546,0.5272727272727272,4.911554851335326,8.211554851335329,True,3.1491205282785706
26,0.1809090909090909,15.998500418995972,0.1481818181818182,0.23636363636363636,13.498500418995981,17.698500418995966,True,0.27070234695591
27,0.12818181818181817,10.49231387356795,0.10181818181818182,0.15363636363636363,7.59231387356796,12.892313873567941,True,0.9075245598014109
29,0.33636363636363636,20.60695615942355,0.2636363636363636,0.4545454545454546,18.706956159423523,23.006956159423584,True,0.3125377322856644
30,0.34545454545454546,5.588098841522646,0.2545454545454545,0.4727272727272727,3.488098841522646,7.888098841522645,True,0.5708327620320675
32,0.023636363636363636,10.885031003006155,,,,,,16080.11269128213
33,0.39090909090909093,1.3,,,,,,11.880085708489663
34,0.012272727272727272,5.374720951017494,,,,,,153.46213802791237
35,0.010454545454545454,5.770933221428228,0.01,0.012272727272727272,5.170933221428228,7.27093322142823,False,4.579538437449035
36,0.10727272727272727,11.040276843151364,,,,,,24.655793528473115
37,0.16636363636363638,21.97292064415218,0.14272727272727273,0.2181818181818182,19.572920644152145,23.672920644152203,True,1.760518543274546
40,0.02,9.048463276434935,,,,,,17.410163716434184
42,0.11545454545454546,3.625057042568981,0.1,0.13181818181818183,1.8250570425689796,5.425057042568983,True,6.265725591355915
43,0.11545454545454546,5.47968992844296,,,,,,12.130350940472846
45,0.11181818181818182,15.972155653625949,0.08545454545454545,0.13545454545454547,12.97215565362596,18.37215565362594,True,1.6912866405066542
46,0.15181818181818182,7.399341218850689,0.12636363636363637,0.18363636363636365,4.999341218850686,9.59934121885069,True,0.4588865425259408
48,0.16272727272727272,9.049574448965172,,,,,,14.750968502223369
49,0.03909090909090909,9.790773110188766,0.03,0.04727272727272727,7.4907731101887745,11.990773110188758,True,5.102308597619137
50,0.1572727272727273,7.686046626551342,0.13181818181818183,0.19181818181818183,5.38604662655134,9.586046626551344,True,1.802491592943682
51,0.2909090909090909,3.813267616546675,0.2545454545454545,0.3090909090909091,2.913267616546674,4.313267616546675,False,9.313845533451879
52,0.12090909090909091,8.285951270538401,0.10181818181818182,0.14272727272727273,6.085951270538409,10.385951270538394,True,4.51214494233751
54,0.07390909090909091,4.434364877894466,0.06,0.09090909090909091,2.134364877894464,6.734364877894468,True,4.3083397455669585
55,0.5545454545454546,11.511968783709253,0.4272727272727273,0.8181818181818182,9.411968783709261,14.411968783709243,True,1.588805604196645
58,1.1818181818181819,13.947288816568896,,,,,,18.31308681116554
59,0.18636363636363637,9.50137432881457,0.15181818181818182,0.24545454545454545,7.201374328814579,11.201374328814564,True,0.5851645780828445
61,0.9727272727272728,10.9474365398247,,,,,,18.264857343730938
62,0.02181818181818182,5.176109043436153,0.01681818181818182,0.02727272727272727,2.776109043436151,7.576109043436155,True,2.5166337165739256
64,0.3090909090909091,8.155816847625175,0.24545454545454545,0.4,6.455816847625173,10.055816847625177,True,0.0689529150482813
65,0.12818181818181817,9.269673778590919,0.10454545454545455,0.15181818181818182,6.5696737785909285,11.469673778590911,True,2.446013058067467
67,0.013636363636363636,15.37524071347038,0.011363636363636364,0.016363636363636365,13.375240713470387,17.175240713470373,False,6.136375263089407
69,0.01,18.78881207150991,,,,,,22.44740047585607
70,0.15545454545454546,9.030561260209563,0.15,0.1572727272727273,8.530561260209565,9.330561260209562,False,11.201883622252971
71,0.11363636363636363,6.703153823851649,0.09090909090909091,0.13727272727272727,4.403153823851646,9.10315382385165,True,3.2047423685327696
72,0.2818181818181818,5.418096031542279,0.2272727272727273,0.34545454545454546,3.918096031542278,7.018096031542281,True,1.187533127687046
73,0.025454545454545455,7.514830483057626,,,,,,5712.54290852349
74,0.06636363636363636,10.764125093338274,0.053636363636363635,0.07954545454545454,8.464125093338282,12.864125093338266,True,5.806092391704539
77,0.03,5.003397126202946,0.023636363636363636,0.04,2.403397126202944,7.503397126202948,True,1.8398799034806341
79,0.2090909090909091,8.791719277046258,0.16454545454545455,0.2727272727272727,6.991719277046258,10.591719277046261,True,0.8062843053501226
80,0.7636363636363637,15.588521250017704,0.5727272727272728,1.0,13.488521250017712,17.5885212500177,True,6.540645607373561
82,0.2818181818181818,5.703272781796172,0.2272727272727273,0.35454545454545455,4.20327278179617,7.503272781796173,True,0.5285805011978769
83,0.01818181818181818,13.728279216750503,0.015909090909090907,0.019545454545454546,12.428279216750507,14.5282792167505,False,9.43354697550551
84,0.1190909090909091,13.443623795199693,0.09,0.14454545454545453,10.543623795199704,16.143623795199684,True,0.5466333585677595
85,0.04818181818181819,8.656514727644398,,,,,,2142.0637052680513
87,0.01,5.587432591597981,,,,,,13.63503143059664
88,0.10181818181818182,9.721682792865765,0.08272727272727273,0.12272727272727273,7.621682792865773,12.121682792865757,True,6.097489498217774
89,0.16090909090909092,8.948338076913284,0.14636363636363636,0.1890909090909091,7.648338076913289,10.548338076913279,True,6.7698085060397215
90,0.13363636363636364,8.355968489349003,0.10818181818181818,0.1572727272727273,5.6559684893490125,10.555968489348995,True,2.3195546492630257
92,0.015454545454545453,12.871688363967506,,,,,,22.82049940263801
93,0.5909090909090908,8.888526977066881,0.4090909090909091,1.009090909090909,6.1885269770668785,12.788526977066885,True,0.8377881039348956
94,0.17545454545454547,3.908771719069216,0.16090909090909092,0.19454545454545455,2.808771719069216,4.508771719069216,True,9.578827236672762
95,0.08545454545454545,9.33014198182788,0.06818181818181819,0.10636363636363637,6.73014198182789,11.530141981827873,True,4.609908472425917
97,0.23636363636363636,2.1976909095946153,,,,,,579.8098471068563
111,0.08727272727272727,17.049431751334318,0.07145454545454545,0.1090909090909091,14.649431751334326,19.349431751334308,True,5.202621877390484
122,0.05818181818181818,3.7557647764393107,0.049090909090909095,0.07090909090909091,2.055764776439309,5.955764776439313,True,6.570159752068912
123,0.01681818181818182,9.451231138474403,,,,,,19.164038152758735
126,0.023636363636363636,10.190263311142324,,,,,,14.39462324253124
128,0.06,4.843820398794696,0.04727272727272727,0.07363636363636364,2.3438203987946933,7.1438203987946975,True,4.625017394874525
129,0.15,7.271640094634039,0.11363636363636363,0.2545454545454545,4.471640094634049,11.471640094634024,True,0.6223259344607746
130,0.2545454545454545,4.7,0.2090909090909091,0.3090909090909091,3.5,6.1000000000000005,False,4.578179660897273
132,0.06363636363636364,4.2686922825244356,0.05272727272727273,0.07727272727272727,2.1686922825244332,6.4686922825244375,True,5.785538973197779
134,0.2181818181818182,6.742898950883163,0.16636363636363638,0.2727272727272727,5.042898950883161,8.342898950883164,True,1.5054390793234989
135,0.3090909090909091,7.259804888363717,0.2545454545454545,0.39090909090909093,5.759804888363715,9.259804888363718,True,0.9448181086421583
136,0.028181818181818183,11.609239008264641,0.02181818181818182,0.04272727272727273,9.00923900826465,15.609239008264627,True,3.443475854513287
137,0.12636363636363637,10.277451452604542,0.10181818181818182,0.15,7.4774514526045515,12.577451452604533,True,1.643103253204432
138,0.01,14.86685782233044,,,,,,61.219094177631135
139,0.10363636363636364,19.814527257853772,0.09363636363636364,0.11363636363636363,18.91452725785376,21.01452725785379,False,11.069914445643883
140,0.1972727272727273,12.10199560840078,0.1590909090909091,0.24545454545454545,10.201995608400786,13.501995608400774,True,3.617100495606354
141,0.15,12.740511478168882,0.12636363636363637,0.17,10.54051147816889,14.740511478168875,True,3.7638887148514284
143,0.03,4.428461296354934,0.028181818181818183,0.034545454545454546,3.528461296354933,5.528461296354935,False,9.706243324777496
145,0.049090909090909095,12.581569467451335,0.03909090909090909,0.06363636363636364,9.881569467451344,15.281569467451325,True,2.4656470096718084
146,0.16454545454545455,7.879593721149073,0.14636363636363636,0.2,6.079593721149079,9.479593721149067,True,4.681248571908316
147,0.06818181818181819,11.451235213980873,0.049090909090909095,0.08818181818181818,7.851235213980885,14.351235213980862,True,0.10931900814808146
148,0.1572727272727273,7.808275082006608,,,,,,17027.330420230763
150,0.01818181818181818,7.098745939592323,,,,,,154.18339541634813
153,0.07363636363636364,6.600196919874138,,,,,,62150.90263110904
154,0.2272727272727273,7.043478366585015,,,,,,11379.848026331241
156,0.012272727272727272,14.12606515718527,0.01,0.014545454545454545,12.226065157185277,16.026065157185265,False,5.3008011442766305
157,0.2272727272727273,7.003601180276037,,,,,,40804.59518851374
158,0.07418181818181818,21.845238090959068,,,,,,218.58645097523245
159,0.2090909090909091,11.380717687090721,,,,,,11.750685074586848
160,0.4636363636363636,16.41426226515346,0.37272727272727274,0.6454545454545454,14.614262265153465,18.91426226515345,True,3.453312102898862
161,0.09090909090909091,4.95599600332987,0.07254545454545454,0.11181818181818182,2.3559960033298672,7.1559960033298715,True,3.6590361241991163
162,0.09818181818181819,13.890647963155914,,,,,,14.243586790678057
163,0.13545454545454547,23.447139270864128,0.11727272727272728,0.15363636363636363,21.5471392708641,25.247139270864153,False,7.453803501424429
164,0.14636363636363636,13.614769789883127,0.13,0.16090909090909092,12.114769789883132,15.014769789883122,True,7.321668944007421
165,0.04181818181818182,12.057064539547325,0.030909090909090907,0.05545454545454545,9.257064539547335,15.057064539547314,True,0.44087113102713343
166,0.09909090909090909,21.11984918261964,0.06818181818181819,0.13363636363636364,17.01984918261958,24.919849182619693,True,0.17578575470468982
167,0.16636363636363638,8.569781844421778,0.1390909090909091,0.23636363636363636,5.969781844421787,10.96978184442177,True,1.2087827076588051
168,0.019090909090909092,16.829762881641187,,,,,,134.53623850910375
169,0.4727272727272727,23.81781390682803,0.4,0.5636363636363636,22.51781390682801,25.21781390682805,False,8.288212571136157
170,0.11,4.619164417674007,,,,,,7762.8366724922125
171,0.03636363636363636,16.308787183254687,,,,,,1379.3685597687538
172,0.09363636363636364,9.597477683195184,0.07681818181818181,0.11,7.497477683195191,11.397477683195177,True,6.479680666163686
173,0.2272727272727273,6.207521596892452,,,,,,42.08819202935268
174,0.5363636363636364,5.2,0.39090909090909093,0.8636363636363636,3.0,8.3,True,2.476128770208594
175,0.15,13.664616413705842,0.12454545454545454,0.18363636363636365,11.16461641370585,16.064616413705835,True,0.4211507600598256
176,0.04454545454545455,9.214651831357202,0.034545454545454546,0.06,6.7146518313572106,12.41465183135719,True,2.5519948772128465
177,0.10636363636363637,19.59062623176294,0.09090909090909091,0.12454545454545454,18.09062623176292,21.59062623176297,False,7.840095845962363
178,0.2090909090909091,6.500550603996943,0.17545454545454547,0.24545454545454545,5.400550603996942,7.500550603996944,False,7.835434404401657
180,0.17545454545454547,9.924347184065793,0.15,0.2181818181818182,7.724347184065801,11.324347184065788,True,3.1689404624574715
181,0.1409090909090909,7.522987064420276,0.11363636363636363,0.2090909090909091,5.422987064420283,11.422987064420262,True,1.7870523750443774
184,0.03727272727272728,1.9321281999159678,,,,,,11452.40196418303
187,0.10636363636363637,10.210363769386904,0.08181818181818182,0.12818181818181817,7.510363769386913,12.610363769386895,True,3.0705093298131576
193,0.04,13.992967905194408,0.02909090909090909,0.05090909090909091,11.092967905194419,16.7929679051944,True,0.7193299158922388
197,0.38181818181818183,7.642629944654709,0.3090909090909091,0.4909090909090909,5.942629944654707,9.74262994465471,True,0.8829530989034714
198,0.08545454545454545,10.15470822495024,,,,,,6738.535715012207
199,0.34545454545454546,11.816885675070026,0.2818181818181818,0.44545454545454544,10.216885675070031,13.916885675070018,True,2.788787324665016
200,0.015,10.154373907983633,,,,,,343.0553165933551
201,0.17272727272727273,8.462149811872619,0.14636363636363636,0.2272727272727273,6.062149811872628,10.162149811872613,True,0.9239270229938922
202,0.015,8.481279225852157,,,,,,230.99288908202672
203,0.045454545454545456,4.577547467177945,0.03636363636363636,0.05909090909090909,2.2775474671779437,7.377547467177948,True,3.191216851178836
204,0.10272727272727274,3.9554805605248227,,,,,,97.09584968400983
205,0.5727272727272728,4.2,,,,,,13.031360674186255
206,0.08727272727272727,6.748074309168169,0.06636363636363636,0.12272727272727273,3.848074309168167,10.648074309168173,True,1.3391134557730038
207,0.038181818181818185,13.039370760391396,,,,,,7301.317374866581
208,0.16454545454545455,5.471055964286226,0.1572727272727273,0.18636363636363637,4.771055964286225,6.571055964286227,False,10.721134083647213
210,0.016363636363636365,8.699731101932084,0.014090909090909091,0.019545454545454546,7.09973110193209,10.399731101932078,False,5.907110616906278
212,0.5636363636363636,4.786456691315643,,,,,,22.68281226651851
213,0.32727272727272727,1.1,,,,,,43.45175570816744
215,0.13181818181818183,11.817508732866271,0.10727272727272727,0.1572727272727273,9.11750873286628,14.217508732866262,True,1.9254730050374618
216,0.04727272727272727,4.491948053362413,0.03636363636363636,0.06363636363636364,1.6919480533624134,7.591948053362412,True,0.8524587782383539
217,0.2727272727272727,20.445263335806096,,,,,,2838.463925801657
218,0.03,4.056563150923973,,,,,,18.236549444964954
219,0.24545454545454545,1.0,,,,,,12.210935921737661
221,0.3090909090909091,11.162946158732687,0.1972727272727273,0.4909090909090909,8.262946158732698,14.862946158732674,True,1.348925729980818
222,0.39090909090909093,2.7422797662114675,,,,,,97.78851660310062
223,0.10272727272727274,14.012168446084713,0.07636363636363636,0.12636363636363637,10.912168446084724,16.712168446084704,True,1.0587200765225375
224,0.05,10.273433250089191,0.04363636363636364,0.05818181818181818,8.573433250089197,11.773433250089186,False,8.769921323697485
225,0.05090909090909091,6.362317210198695,0.04090909090909091,0.06636363636363636,3.862317210198693,9.262317210198699,True,3.975250452189817
229,0.13545454545454547,8.094510138140144,,,,,,2007.752428250607
230,0.04090909090909091,8.46665091768956,0.030909090909090907,0.05181818181818182,6.066650917689568,11.06665091768955,True,3.0346493842235165
232,0.07090909090909091,17.357670804067062,0.05181818181818182,0.09545454545454546,13.857670804067077,20.657670804067052,True,1.4859221056791174
233,0.33636363636363636,9.626213385469086,0.2727272727272727,0.44545454545454544,7.926213385469092,11.826213385469078,True,0.39659040301993886
234,0.06272727272727273,9.717560838530446,0.049090909090909095,0.07772727272727273,7.217560838530455,12.217560838530437,True,4.030602665132872
235,0.2909090909090909,2.9744125774100327,,,,,,42.200854438718764
236,0.23636363636363636,24.13730017908691,0.2,0.2727272727272727,23.137300179086896,25.137300179086925,False,7.743854491803647
237,0.16272727272727272,13.319510410703083,0.13727272727272727,0.2,10.919510410703092,15.119510410703077,True,1.690853623444064
238,0.7363636363636363,7.136808431811806,,,,,,14.962217646331908
239,0.046363636363636364,12.306595070194698,0.03636363636363636,0.06272727272727273,9.706595070194707,15.606595070194686,True,1.1543818838379463
240,0.023636363636363636,12.858992953636909,0.022727272727272728,0.023636363636363636,12.55899295363691,13.058992953636908,False,11.176964361863945
241,0.04181818181818182,2.4000000000000004,0.03272727272727273,0.05454545454545455,0.2,5.300000000000001,True,2.9487356933377553
242,0.02909090909090909,15.94473470900853,0.024545454545454544,0.03727272727272728,13.944734709008538,18.144734709008524,False,5.36909690311902
244,0.034545454545454546,4.127854900847916,0.026363636363636363,0.04363636363636364,1.5278549008479172,6.527854900847916,True,2.3027251382337734
245,0.4545454545454546,0.0,,,,,,57.16809448796377
246,0.4363636363636364,7.704572673071689,0.34545454545454546,0.5636363636363636,5.804572673071688,9.704572673071691,True,1.2951684798892442
247,0.2545454545454545,6.331347422904372,0.2181818181818182,0.2818181818181818,5.231347422904371,7.231347422904372,False,7.992954354326319
248,0.2181818181818182,16.01044951326275,0.16272727272727272,0.2727272727272727,13.710449513262757,17.610449513262743,True,2.5622451553165106
249,0.2,2.9000000000000004,0.1972727272727273,0.2,2.8000000000000003,2.9000000000000004,False,11.439521936863118
250,0.36363636363636365,5.1000000000000005,0.3181818181818182,0.4272727272727273,4.1000000000000005,6.300000000000001,False,6.927592897786677
251,0.4363636363636364,22.70317928529931,,,,,,101.92731546101405
254,0.2818181818181818,17.629699132389895,,,,,,12.759533648300351
255,0.02909090909090909,6.623085258845362,0.022727272727272728,0.03909090909090909,3.9230852588453593,9.223085258845364,True,0.6357708869348706
256,0.1190909090909091,11.812801127016632,0.09545454545454546,0.14454545454545453,9.212801127016641,14.312801127016623,True,2.050729919406451
257,0.23636363636363636,14.195761353864528,0.1890909090909091,0.2636363636363636,12.895761353864533,14.995761353864525,False,7.05359933020817
258,0.06181818181818182,30.44526333580624,,,,,,20.445971409165594
259,0.1572727272727273,9.779622665218263,,,,,,27.179577535131287
261,0.32727272727272727,17.980730056548673,0.2545454545454545,0.4272727272727273,16.08073005654868,20.080730056548667,True,0.5082206576127547
262,0.2727272727272727,6.19865060568712,0.2181818181818182,0.34545454545454546,4.698650605687119,7.998650605687121,True,0.31048111197057304
263,0.15,8.500963299313893,0.12818181818181817,0.16636363636363638,6.5009632993139,10.100963299313888,True,4.774895766924048
265,0.1390909090909091,20.195753792719586,,,,,,86.41200861348007
266,0.5636363636363636,16.289698893233343,0.4090909090909091,0.8272727272727273,13.78969889323335,19.18969889323333,True,1.2539449263645088
267,0.030909090909090907,4.866947563675954,0.025454545454545455,0.04090909090909091,2.666947563675951,7.266947563675955,True,3.572253507479377
268,0.16636363636363638,21.145901483066122,0.1409090909090909,0.2181818181818182,18.74590148306609,23.14590148306615,True,0.292024859192748
269,0.2909090909090909,0.7000000000000001,,,,,,44.228256270790375
270,0.02090909090909091,8.942585333913046,0.01863636363636364,0.024545454545454544,7.84258533391305,10.54258533391304,False,8.620414541423767
271,0.1590909090909091,16.388680194976143,,,,,,423.94948799922633
272,0.06,3.289864500642722,0.05,0.07,1.4898645006427205,4.989864500642724,True,7.573394466737332
274,0.15363636363636363,12.433763345877697,0.12818181818181817,0.18363636363636365,10.133763345877705,14.53376334587769,True,2.026490631563142
275,0.014545454545454545,9.90491905662549,,,,,,15.337059077796148
276,0.028181818181818183,3.4000000000000004,0.02181818181818182,0.03909090909090909,0.8,6.4,True,0.29034175347863067
277,0.35454545454545455,0.0,,,,,,30.578745721318597
279,0.19181818181818183,12.460990580229103,,,,,,50.79377013280415
282,0.16272727272727272,13.40215043601018,0.13545454545454547,0.2090909090909091,10.902150436010189,15.402150436010173,True,0.36667285163842395
283,0.2181818181818182,1.976723586306754,,,,,,7339.28296806272
284,0.6636363636363636,6.2,,,,,,17.948848313937642
285,0.1890909090909091,20.373549434495875,0.15181818181818182,0.2545454545454545,17.773549434495884,22.27354943449587,True,0.3944072163411493
286,0.4272727272727273,10.495484943053796,0.33636363636363636,0.5636363636363636,8.495484943053803,12.595484943053789,True,1.300005739978029
287,0.03727272727272728,3.9656262252056993,0.02727272727272727,0.04818181818181819,1.0656262252056998,6.965626225205699,True,2.4257832145178075
288,0.010454545454545454,4.556163433149058,,,,,,17.7796530113476
289,0.4545454545454546,7.155389902410075,,,,,,20.760543088986672
291,0.013636363636363636,5.292144577152692,0.012272727272727272,0.015454545454545453,4.092144577152691,6.592144577152694,False,7.854199955791026
292,0.4818181818181818,0.0,,,,,,56.398656780982606
293,0.24545454545454545,1.5,,,,,,27.0267189715847
294,1.3,11.18317867567271,1.0272727272727273,1.4,9.383178675672717,11.983178675672708,False,7.388255907140126
296,0.13,18.937475615505036,0.10636363636363637,0.1590909090909091,16.237475615505044,21.637475615505025,True,0.5686210089997532
297,0.509090909090909,5.5,,,,,,25.41631719425767
298,0.4636363636363636,9.039752810880087,0.35454545454545455,0.6272727272727272,7.039752810880085,11.439752810880089,True,0.5273577462520769
300,0.16636363636363638,6.077645746662231,,,,,,15676.279871945775
302,1.4,13.375710183781223,,,,,,14.940581321429665
303,0.01,5.8403242645045035,0.01,0.01090909090909091,5.640324264504503,6.640324264504504,False,7.49433059607742
304,0.09272727272727273,13.145848015909182,0.07054545454545455,0.1190909090909091,10.045848015909193,16.045848015909172,True,0.6280288873359926
305,0.4,5.6000000000000005,0.33636363636363636,0.5,4.2,7.300000000000001,True,3.338744740457122
306,0.1190909090909091,0.22315533923420627,,,,,,29.447661444779797
307,0.2545454545454545,5.5,0.19181818181818183,0.3090909090909091,3.8000000000000003,7.1000000000000005,False,2.0496073450339614
308,0.16636363636363638,8.644334465327303,,,,,,514.3855267851314
309,0.10363636363636364,2.5593217791242475,,,,,,143.72502589223183
310,1.3,13.006433855372363,,,,,,22.201441237165863
311,1.4,6.2257288682771605,1.4,1.4,6.2257288682771605,6.2257288682771605,False,11.507998829534484
312,0.14272727272727273,6.4583778012996245,,,,,,12.928210218278783
313,0.10818181818181818,5.197229969524235,,,,,,14246.358170312858
314,0.1481818181818182,8.03079743663707,,,,,,344.2730341134842
315,0.3090909090909091,0.7000000000000001,,,,,,30.581639024251572
316,0.11,4.750419556295478,0.1,0.12090909090909091,3.5504195562954766,6.050419556295479,True,9.16410753969415
317,0.2181818181818182,7.330924877809833,0.16636363636363638,0.2727272727272727,5.630924877809832,8.930924877809835,True,1.9373440173096212
319,0.16090909090909092,6.723817006376931,0.14454545454545453,0.1890909090909091,5.22381700637693,8.223817006376933,True,6.514987323258698
320,0.1972727272727273,7.052946165184853,0.16454545454545455,0.24545454545454545,5.552946165184851,8.252946165184854,True,4.610638689159488
321,0.04727272727272727,19.490787438648653,0.035454545454545454,0.06272727272727273,16.49078743864861,22.590787438648697,True,2.1637548295045477
322,0.24545454545454545,9.77039014943175,0.18636363636363637,0.3090909090909091,7.970390149431756,11.470390149431744,True,0.4519175988439134
323,0.10727272727272727,9.13879070752561,0.08272727272727273,0.13181818181818183,6.438790707525619,11.7387907075256,True,1.6530037275257499
324,0.1809090909090909,3.2,0.15545454545454546,0.2272727272727273,1.4000000000000001,4.5,True,3.3579602109817626
326,0.18363636363636365,13.358593261055294,0.1572727272727273,0.2272727272727273,11.6585932610553,14.758593261055289,True,5.089154654599754
327,0.16454545454545455,13.35141299552449,0.1409090909090909,0.2090909090909091,11.151412995524497,15.251412995524483,True,2.1137708598850073
328,0.24545454545454545,0.30000000000000004,,,,,,38.252828238166785
329,0.014090909090909091,5.6384241730122735,,,,,,14.458345103682111
330,0.024545454545454544,3.4874238480002573,0.019545454545454546,0.03,1.287423848000257,5.887423848000258,True,3.754068153041424
331,0.09454545454545454,5.186827281645595,,,,,,3093.240454129188
332,0.9363636363636364,8.094919450599374,0.7090909090909091,1.2636363636363637,6.39491945059938,10.194919450599366,False,6.579848013230627
333,0.11,8.92289920010062,0.08636363636363636,0.13363636363636364,6.322899200100629,11.42289920010061,True,2.7585506792478394
334,0.12090909090909091,10.603034281654063,0.10090909090909092,0.1409090909090909,8.40303428165407,12.603034281654056,True,5.488129111159691
335,0.1409090909090909,10.050960409627006,,,,,,144.22810965012204
336,0.16818181818181818,2.974525904821931,,,,,,12.67607292462672
337,0.4818181818181818,4.0,0.44545454545454544,0.5181818181818182,3.4000000000000004,4.5,False,10.538802055002916
338,0.03363636363636364,15.740988818511067,,,,,,20.371906149838438
339,0.2,2.9000000000000004,,,,,,12.553919210660961
340,0.12272727272727273,9.557641540102518,0.10090909090909092,0.14272727272727273,7.157641540102526,11.55764154010251,True,4.1097959746909485
341,0.5727272727272728,4.036444180959464,,,,,,157.46882004818235
342,0.990909090909091,0.0,,,,,,17.755348233534967
343,0.03727272727272728,14.329789542426795,,,,,,45641.051484909796
344,0.1972727272727273,9.864161564578833,0.1590909090909091,0.2545454545454545,7.76416156457884,11.464161564578827,True,1.1045816820523806
345,0.4818181818181818,5.1000000000000005,,,,,,27.15814931122904
346,0.1,4.576902070586462,0.08909090909090908,0.11,3.5769020705864603,5.876902070586462,True,9.329034837887072
347,0.1572727272727273,6.962116795787328,0.13363636363636364,0.19181818181818183,4.662116795787325,8.86211679578733,True,1.740270744582147
348,0.019545454545454546,4.286773828356528,,,,,,552.9598312198808
349,0.23636363636363636,8.476738904718747,0.17545454545454547,0.2818181818181818,6.776738904718745,9.87673890471875,False,2.2084597407638946
350,0.4363636363636364,0.0,,,,,,109.19200879720339
351,0.06818181818181819,16.040646509500018,0.05545454545454545,0.08272727272727273,13.840646509500026,18.34064650950001,True,5.443366579591133
352,0.02,13.287725912068165,,,,,,14.66841220578993
354,0.15181818181818182,11.152823967130862,0.12636363636363637,0.1890909090909091,8.85282396713087,13.652823967130853,True,0.5981377131381455
355,0.025454545454545455,6.227458986579553,,,,,,307.59099850662494
357,0.1481818181818182,8.392678503954777,0.12272727272727273,0.17272727272727273,5.8926785039547855,10.592678503954769,True,0.982067243488236
358,1.3272727272727274,9.96279732321029,0.9818181818181818,1.4,7.862797323210291,10.66279732321029,False,6.068621711945064
359,0.2090909090909091,9.045346633890462,0.16272727272727272,0.2545454545454545,7.145346633890469,10.445346633890457,True,1.8713731187972429
360,0.09909090909090909,5.241953800664306,,,,,,12.606358126847958
361,0.015,2.4000000000000004,0.012272727272727272,0.02,0.1,5.1000000000000005,True,0.19566209512894528
362,0.16818181818181818,17.31012024603953,0.15181818181818182,0.1972727272727273,15.710120246039537,18.410120246039526,False,8.3205719238635
363,0.2545454545454545,0.9,,,,,,41.58825975222879
365,0.34545454545454546,0.0,,,,,,40.99481021074852
368,0.012727272727272728,11.643269736926467,0.011818181818181818,0.013181818181818182,10.74326973692647,11.943269736926466,False,11.006696131151664
371,0.024545454545454544,1.5092212305214954,,,,,,390.97308832069
373,0.03272727272727273,8.92606412703423,0.025454545454545455,0.04363636363636364,6.32606412703424,11.72606412703422,True,2.1738253408010237
374,0.15545454545454546,8.80170316711848,0.13727272727272727,0.1890909090909091,7.101703167118487,10.801703167118474,True,4.290755335336764
375,0.030909090909090907,9.573498155810569,0.025454545454545455,0.03909090909090909,7.3734981558105765,11.573498155810562,True,4.483984249810185
376,0.09727272727272727,9.839895071818276,0.07909090909090909,0.11181818181818182,7.7398950718182835,11.53989507181827,True,6.955949369621789
377,0.024545454545454544,8.639161609939443,0.019545454545454546,0.02909090909090909,6.53916160993945,10.539161609939436,True,4.915433153015731
378,0.04090909090909091,5.974636859717356,0.03272727272727273,0.05181818181818182,3.9746368597173545,8.674636859717358,True,4.42433531699102
379,0.13727272727272727,9.914847009956523,0.12454545454545454,0.1481818181818182,8.714847009956527,10.91484700995652,True,9.40171738001131
380,0.2,2.1,0.16636363636363638,0.2272727272727273,0.9,2.9000000000000004,True,6.097196411545481
383,0.046363636363636364,10.017155099699897,0.04,0.057272727272727274,8.417155099699903,12.317155099699889,True,6.700148278392335
384,0.017272727272727273,11.572916111839525,,,,,,15.059656785642074
386,0.10090909090909092,9.097970657608426,0.07681818181818181,0.12454545454545454,6.297970657608436,11.797970657608417,True,1.5258579212867707
387,0.04,7.917341058798355,0.03636363636363636,0.04181818181818182,7.017341058798358,8.417341058798353,False,10.647521939088627
388,0.011363636363636364,11.574352569312813,,,,,,17.509594551339564
389,0.012272727272727272,9.87696715648983,,,,,,18.699000339804996
390,0.3181818181818182,1.1,,,,,,24.310345176751923
391,0.19181818181818183,4.7,0.15545454545454546,0.24545454545454545,2.6,6.300000000000001,True,0.30397667228104885
392,0.15363636363636363,6.708693359777243,0.13727272727272727,0.16818181818181818,5.208693359777241,8.108693359777245,True,6.349866072280629
394,0.5,3.2343256285519226,0.4727272727272727,0.5545454545454546,2.8343256285519223,3.9343256285519232,False,10.146719203064984
395,0.38181818181818183,7.585236120831873,0.32727272727272727,0.4636363636363636,6.385236120831877,9.185236120831867,False,4.990780387615182
396,0.1590909090909091,2.6,0.15181818181818182,0.17,1.8,3.6,False,9.099621459414386
397,0.049090909090909095,11.528544138079717,0.03727272727272728,0.06454545454545454,8.528544138079727,14.328544138079707,True,1.2011643091900515
398,0.015909090909090907,10.569643600351162,0.014090909090909091,0.01818181818181818,9.269643600351166,11.969643600351157,False,8.385673537382981
399,0.15,16.67740836229148,0.13181818181818183,0.16818181818181818,14.977408362291486,18.57740836229147,True,5.941472974572384
400,0.16636363636363638,14.832364582516187,0.13727272727272727,0.2090909090909091,12.032364582516196,16.53236458251618,True,0.715865300952101
401,0.013636363636363636,9.2404118561039,,,,,,18.43773097209279
402,0.019545454545454546,9.250890356899012,0.015909090909090907,0.024545454545454544,7.250890356899019,11.350890356899004,True,4.701377149927815
403,0.05090909090909091,5.339848553985788,0.03909090909090909,0.06818181818181819,2.339848553985785,8.33984855398579,True,1.765551214548362
405,0.04,3.2855837083489545,0.030909090909090907,0.05090909090909091,1.0855837083489548,5.985583708348954,True,3.5354352726884213
406,0.4,1.0232757278079374,,,,,,20.405152831847712
407,0.01,17.027857971406046,,,,,,29.828544728004097
408,0.028181818181818183,3.5,0.02181818181818182,0.03727272727272728,0.9,6.1000000000000005,True,1.2691328022728516
409,0.2727272727272727,6.074224277251971,0.2181818181818182,0.34545454545454546,4.574224277251969,7.8742242772519715,True,0.822833278804934
410,0.04090909090909091,9.52764047194027,0.031818181818181815,0.049090909090909095,7.227640471940278,11.627640471940262,True,4.3932330461911455
412,0.15545454545454546,8.520300761954466,0.15181818181818182,0.16272727272727272,8.220300761954467,9.320300761954464,False,10.890956397192564
413,0.02909090909090909,11.168855621585099,0.024545454545454544,0.03727272727272728,9.368855621585105,13.36885562158509,True,5.331686300819241
414,0.3,1.5,,,,,,17.903819879225384
417,0.011818181818181818,5.4495371229099145,0.01,0.013181818181818182,3.8495371229099127,6.549537122909915,False,7.374614968633425
418,0.1590909090909091,3.1,0.14454545454545453,0.18636363636363637,1.8,4.7,True,5.605603782101211
420,0.04818181818181819,12.447810953031436,0.038181818181818185,0.06454545454545454,9.947810953031444,15.547810953031425,True,2.15877788058539
421,0.1090909090909091,4.082580392223998,0.09181818181818181,0.12818181818181817,2.2825803922239967,6.082580392224,True,5.629063118143437
422,0.2727272727272727,5.403812869968033,0.2181818181818182,0.33636363636363636,3.9038128699680317,6.903812869968035,True,1.9726085830309903
423,0.1590909090909091,9.99234857290116,0.15,0.16818181818181818,9.092348572901162,10.892348572901156,False,9.654612701557426
425,0.09272727272727273,10.507398183026151,,,,,,12.41396191520581
427,0.02181818181818182,8.450918428235571,0.02090909090909091,0.023636363636363636,8.150918428235572,9.350918428235568,False,10.952679832387187
428,0.12636363636363637,9.32295300264021,,,,,,12.973613111611929
429,0.024545454545454544,5.456987935122239,0.01863636363636364,0.03,2.756987935122237,7.656987935122242,True,2.8797648221110963
432,0.4545454545454546,6.343614071762817,0.36363636363636365,0.5818181818181818,4.543614071762817,8.243614071762817,True,2.0427448882058297
437,0.15,14.58063836977642,0.13545454545454547,0.16636363636363638,13.280638369776424,16.180638369776414,True,7.618488001257916
438,0.03363636363636364,7.650229755961634,0.028181818181818183,0.04272727272727273,5.95022975596164,9.950229755961626,True,5.468946157572498
447,0.32727272727272727,4.9,0.2727272727272727,0.4,3.4000000000000004,6.5,True,3.260304399827649
455,0.034545454545454546,13.93690790688616,0.028181818181818183,0.04272727272727273,12.036907906886167,16.13690790688615,False,5.43362657904403
464,0.38181818181818183,8.151153296816627,0.3090909090909091,0.4727272727272727,6.451153296816633,9.851153296816621,False,2.9363967994862974
475,0.057272727272727274,5.598157191069808,0.04727272727272727,0.07018181818181819,3.598157191069806,7.7981571910698095,True,6.298600718637477
481,0.08272727272727273,4.209275361175519,,,,,,11.786230717923901
482,0.01681818181818182,4.1000000000000005,0.013636363636363636,0.02181818181818182,2.0,6.6000000000000005,True,3.2254070226396534
483,0.12272727272727273,7.431146070064054,0.1,0.14272727272727273,4.931146070064063,9.431146070064047,True,4.11063131958719
484,0.028181818181818183,4.399107857520812,0.022727272727272728,0.03727272727272728,1.9991078575208094,6.999107857520814,True,4.12350906334024
486,0.08272727272727273,30.44526333580624,,,,,,58.265245882294025
487,0.1409090909090909,9.228266196644334,,,,,,15.208918815057139
489,0.01863636363636364,10.01353642108624,,,,,,19.445694909499633
491,0.060909090909090906,7.162077740159063,0.05272727272727273,0.07,5.662077740159068,8.762077740159057,True,8.343466533311464
492,0.01,13.97490680649337,,,,,,25.96898850396636
493,0.10454545454545455,5.054771825041483,,,,,,12.995916645709556
494,0.022727272727272728,10.362007006766165,0.02090909090909091,0.024545454545454544,9.462007006766168,11.062007006766162,False,10.17838530858689
495,0.034545454545454546,5.427694462053583,0.028181818181818183,0.04272727272727273,3.427694462053581,7.4276944620535845,True,6.613715083695419
496,0.07418181818181818,24.645263335806156,,,,,,22.686509470377462
498,0.022727272727272728,18.356492827840416,,,,,,26.446738262983853
500,0.024545454545454544,9.884605515806795,0.02,0.030909090909090907,7.884605515806802,12.584605515806786,False,6.29298434705141
501,0.07363636363636364,5.482596840833917,0.06,0.09272727272727273,3.182596840833915,8.082596840833919,True,3.9276429955058467
504,0.08363636363636363,4.684894622478794,0.07281818181818181,0.10090909090909092,3.1848946224787924,6.484894622478795,True,7.834376853430701
505,0.04181818181818182,10.349516130678506,0.03272727272727273,0.053636363636363635,8.149516130678514,13.149516130678496,True,3.9351391409936816
506,0.07254545454545454,8.078072527276193,,,,,,19.73743351806705
508,0.02727272727272727,7.951988137557407,,,,,,18.41635384771658
509,0.045454545454545456,25.445244326656837,0.02727272727272727,0.07418181818181818,20.445244326656766,30.44524432665691,False,2.185774738659595
510,0.11363636363636363,6.6042506325088315,0.09181818181818181,0.13727272727272727,4.30425063250883,9.004250632508834,False,2.771512990103619
511,0.15181818181818182,9.862774396699434,0.12818181818181817,0.1809090909090909,7.562774396699442,12.062774396699426,True,3.5628928942691322
512,0.2272727272727273,1.9000000000000001,0.2,0.24545454545454545,1.2000000000000002,2.4000000000000004,False,9.775550096761682
514,0.06363636363636364,1.1581147682060076,,,,,,1826.96506877582
515,0.2181818181818182,1.7000000000000002,,,,,,34.71897236688513
516,0.16454545454545455,2.2,,,,,,17.608184164480416
517,0.1390909090909091,9.34687036899305,0.12090909090909091,0.15545454545454546,7.446870368993057,10.946870368993045,True,7.5147969742787355
518,0.02727272727272727,17.766051469414176,,,,,,19.67957512581557
519,0.16272727272727272,7.709472590142861,0.15181818181818182,0.1781818181818182,6.709472590142864,8.709472590142857,False,9.321598853425076
520,0.01818181818181818,9.332954385212306,0.015909090909090907,0.02,8.13295438521231,10.332954385212302,False,9.67762162736544
522,0.014545454545454545,10.434013921009768,0.013636363636363636,0.015454545454545453,9.534013921009771,11.034013921009766,False,10.641582425195606
523,0.02,12.215156689772183,0.015454545454545453,0.026363636363636363,9.715156689772192,14.915156689772173,False,4.494434978526876
524,0.02,10.631568668977149,,,,,,13.751348188197255
525,0.09090909090909091,1.67323294854612,,,,,,42.84621876334366
527,0.04272727272727273,4.37668625217411,0.03636363636363636,0.05090909090909091,2.776686252174109,6.476686252174112,True,6.671555273577648
528,0.01,13.466630122583377,,,,,,47.78326628421803
529,0.08090909090909092,4.542442387038756,0.07145454545454545,0.09090909090909091,3.242442387038755,5.942442387038757,True,9.145871499771092
530,0.010454545454545454,16.494753629507365,,,,,,22.983079237669095
531,0.33636363636363636,7.133726547423569,0.2818181818181818,0.4090909090909091,5.733726547423569,8.63372654742357,True,3.4606144366517384
532,0.06,3.7,0.046363636363636364,0.07636363636363636,1.0,6.4,False,2.532602382192294
535,0.10727272727272727,10.716655357742889,,,,,,2099.596673740758
536,0.01,14.850128295897381,,,,,,58.60452978489738
537,0.4,6.560918394252228,0.36363636363636365,0.44545454545454544,5.660918394252228,7.260918394252229,False,8.679692189302605
538,0.017272727272727273,11.441440516027628,,,,,,12.411830228686782
539,0.14454545454545453,2.9000000000000004,0.13181818181818183,0.1572727272727273,1.8,4.1000000000000005,True,7.47911099845814
540,0.2,5.862825831592352,0.16090909090909092,0.2545454545454545,3.9628258315923506,7.2628258315923535,True,1.7998329775962845
541,0.04818181818181819,10.173814539000043,0.03727272727272728,0.06272727272727273,7.373814539000053,13.073814539000033,True,1.9631201274950942
542,0.8909090909090909,10.185580111185004,0.7363636363636363,1.090909090909091,8.785580111185002,11.685580111185006,False,8.523421946038466
543,0.01090909090909091,9.859159537017671,,,,,,14.299326407928636
544,0.14272727272727273,0.6856973892573431,,,,,,22.457740779615484
545,0.2818181818181818,7.148016720506183,0.23636363636363636,0.32727272727272727,5.848016720506182,8.248016720506184,True,5.805240180541075
546,0.15545454545454546,3.613580717806443,0.15181818181818182,0.16090909090909092,3.3135807178064427,4.213580717806444,False,10.865265076512411
547,0.05090909090909091,4.894574885613666,0.04363636363636364,0.060909090909090906,3.0945748856136652,6.694574885613669,True,7.2313396868844695
549,0.017272727272727273,12.385095232088174,0.015,0.019545454545454546,11.185095232088178,13.68509523208817,False,9.427136664640052
550,0.02090909090909091,6.358946209909012,0.017727272727272727,0.025454545454545455,4.758946209909011,8.258946209909013,False,7.325717106216199
552,0.012727272727272728,12.496302578502869,,,,,,33.242505847909655
553,0.10272727272727274,10.019452143259244,0.08363636363636363,0.1190909090909091,7.919452143259251,11.919452143259237,True,7.525084465643033
554,0.02727272727272727,10.51721122846722,0.02090909090909091,0.03363636363636364,7.917211228467229,12.617211228467212,True,4.358992434117173
555,0.01681818181818182,11.36719338629582,0.014545454545454545,0.02,9.967193386295826,13.167193386295814,False,7.305459751693412
556,0.015,4.875108110523225,0.012272727272727272,0.019545454545454546,2.5751081105232227,7.575108110523227,True,4.096603334073501
557,0.2272727272727273,3.0,0.1781818181818182,0.2727272727272727,1.5,4.3,True,3.217855551276271
558,0.024545454545454544,11.581743113648567,0.02181818181818182,0.02727272727272727,10.381743113648572,12.781743113648563,False,9.070447122109435
559,0.10636363636363637,7.980827372365789,0.09636363636363636,0.11181818181818182,6.880827372365793,8.680827372365787,False,10.398300536174599
560,0.03,10.055434954978525,0.024545454545454544,0.04,7.8554349549785325,12.655434954978515,True,3.979751441319906
561,0.44545454545454544,0.0,,,,,,73.70656073850651
562,0.05272727272727273,10.933171595649334,0.04727272727272727,0.06181818181818182,9.633171595649339,12.633171595649328,False,8.8455170014586
564,0.1781818181818182,2.6,0.16636363636363638,0.19454545454545455,2.0,3.1,False,10.568624877113152
565,0.07018181818181819,7.442108101401411,0.053636363636363635,0.09181818181818181,4.542108101401409,10.542108101401414,True,1.0317865587840584
566,0.24545454545454545,7.802546786346314,0.1972727272727273,0.3,6.502546786346313,9.402546786346315,True,2.8676481659612323
567,0.03909090909090909,10.187606267008986,0.03,0.04818181818181819,7.887606267008994,12.487606267008978,True,4.296244809617168
568,0.024545454545454544,3.3668847866935643,0.02,0.03,1.566884786693565,5.5668847866935645,True,5.526499290438265
570,0.2727272727272727,3.9000000000000004,0.2181818181818182,0.33636363636363636,2.4000000000000004,5.4,True,0.8125372877878587
572,0.07,7.326834049272518,0.05818181818181818,0.08,5.3268340492725255,8.926834049272513,True,7.009977127489158
573,0.15545454545454546,1.8,0.14272727272727273,0.17272727272727273,0.6000000000000001,3.2,True,6.054789714407553
574,0.24545454545454545,11.779869647834865,0.19454545454545455,0.3,10.47986964783487,13.27986964783486,False,3.7486685812037646
575,0.07018181818181819,3.408598652876061,0.05545454545454545,0.08727272727272727,0.8085986528760614,5.90859865287606,True,3.3119976583075736
577,0.02,10.570260427352892,0.01681818181818182,0.022727272727272728,8.870260427352898,11.870260427352887,False,6.898742885204393
578,0.15545454545454546,6.315051309660262,,,,,,11.651334349849432
580,0.07036363636363636,8.698731220178963,0.060909090909090906,0.08181818181818182,7.098731220178969,10.398731220178957,True,8.083509507585445
582,0.026363636363636363,12.22318356247584,0.02,0.034545454545454546,9.52318356247585,14.823183562475831,True,1.5104368120666758
584,0.14454545454545453,7.905267035494061,0.1190909090909091,0.16818181818181818,5.4052670354940595,10.205267035494064,True,1.030814470274998
585,0.14272727272727273,9.665738172348389,0.12090909090909091,0.16454545454545455,7.5657381723483965,11.765738172348382,True,3.211641423527845
586,0.11363636363636363,7.947792933170666,0.08818181818181818,0.13545454545454547,5.147792933170676,10.247792933170658,True,3.6310822930798325
588,0.4636363636363636,6.4,,,,,,20.457387109699237
589,0.03,9.880013634008206,0.024545454545454544,0.03909090909090909,7.680013634008214,12.080013634008198,True,3.6882621274209
590,0.03,13.833978625773025,,,,,,12.047732595105465
592,0.2636363636363636,1.5,,,,,,38.98737713273722
593,0.2545454545454545,7.410305816733333,0.19181818181818183,0.3181818181818182,5.710305816733332,9.110305816733334,True,0.35606371324243336
594,0.02727272727272727,5.31010248304608,0.022727272727272728,0.03272727272727273,3.310102483046079,7.110102483046082,True,5.570398217817724
595,0.06,10.278912590968826,,,,,,11.760426728158471
596,0.01090909090909091,16.12918827227263,,,,,,24.85254140289799
597,0.23636363636363636,8.925234982756294,0.19181818181818183,0.2818181818181818,7.625234982756298,10.12523498275629,True,5.134440728642546
598,0.1781818181818182,6.164565057797924,,,,,,16.220689274578792
599,0.026363636363636363,4.08746375696909,0.02090909090909091,0.03363636363636364,1.8874637569690873,6.487463756969092,True,3.792806163479957
600,0.023636363636363636,19.0953268669563,,,,,,12.251712599509698
601,0.015,2.8000000000000003,0.012272727272727272,0.019545454545454546,0.4,5.2,True,0.8570835482624661
602,0.015454545454545453,6.507419921620594,,,,,,160.67032242744
604,0.11181818181818182,2.4582505565478048,0.09727272727272727,0.12636363636363637,0.8582505565478045,3.9582505565478048,True,6.936599830883683
606,0.9272727272727272,0.0,,,,,,37.065681669483325
607,0.04090909090909091,13.870535867549929,0.035454545454545454,0.04727272727272727,12.470535867549934,15.570535867549923,False,7.878355373690362
611,0.3181818181818182,6.755987611197459,0.2545454545454545,0.4090909090909091,5.055987611197457,8.85598761119746,True,0.667358911076523
612,0.06363636363636364,13.727796899902103,,,,,,14.229244785515016
613,0.2181818181818182,9.626469797318798,0.16818181818181818,0.2727272727272727,7.926469797318804,11.226469797318792,True,1.8691325425222975
614,0.44545454545454544,4.08079914187505,0.4,0.5,3.2807991418750504,4.980799141875051,False,8.60589484996811
615,0.07,15.73402852290542,0.06545454545454546,0.07363636363636364,15.034028522905423,16.434028522905418,False,10.910306726971239
616,0.03,4.40789706719714,0.025454545454545455,0.04,2.507897067197138,6.907897067197141,True,4.639451641575494
618,0.04454545454545455,7.897464291490541,0.03363636363636364,0.060909090909090906,5.1974642914905385,11.197464291490544,True,0.5946089329056193
619,0.03,13.197264342086532,0.026363636363636363,0.03727272727272728,11.597264342086538,14.997264342086526,False,6.654770063165949
622,0.2181818181818182,3.8000000000000003,0.1809090909090909,0.2545454545454545,2.7,4.800000000000001,True,6.019898858320395
623,0.2636363636363636,5.868484962398745,0.2272727272727273,0.3181818181818182,4.868484962398744,7.168484962398746,False,5.2190504830459625
624,0.03727272727272728,4.888385649312244,0.02909090909090909,0.04727272727272727,2.6883856493122424,7.488385649312247,True,3.1776539599173583
625,0.08545454545454545,8.145221766651224,0.06727272727272728,0.10818181818181818,5.245221766651234,10.545221766651215,True,2.5676966255404046
626,0.014090909090909091,8.939098872509431,,,,,,21.26924717029715
627,0.44545454545454544,6.368518856752369,0.36363636363636365,0.5636363636363636,4.76851885675237,8.16851885675237,True,3.0392368560535545
629,0.045454545454545456,2.430488154559888,0.03727272727272728,0.05454545454545455,0.4304881545598883,4.530488154559888,True,5.5497549928411924
630,0.15545454545454546,13.473524825910538,0.14272727272727273,0.16818181818181818,12.273524825910542,14.773524825910533,False,8.671229470461428
631,0.028181818181818183,11.446529897094692,,,,,,27.943355844336633
632,0.014090909090909091,12.811194439679515,0.012727272727272728,0.015454545454545453,11.711194439679518,13.91119443967951,False,8.56115155443155
633,0.07590909090909091,6.204263603719089,0.05909090909090909,0.09909090909090909,3.3042636037190865,8.904263603719091,True,1.6637380279716993
634,0.08181818181818182,16.133300265223223,0.06727272727272728,0.10545454545454545,13.933300265223231,18.733300265223214,True,5.3178342006419115
635,0.01681818181818182,11.260967484752886,0.015454545454545453,0.017272727272727273,10.560967484752888,11.560967484752885,False,11.147106392736164
637,0.12636363636363637,8.813032111595781,0.1190909090909091,0.13545454545454547,8.013032111595784,9.713032111595778,False,10.38618172526857
638,0.2818181818181818,8.378734772078737,0.2181818181818182,0.34545454545454546,6.578734772078736,9.978734772078738,True,0.877102329566433
639,0.07309090909090908,19.555505155639025,0.05545454545454545,0.09545454545454546,16.55550515563904,22.455505155639017,True,1.1905363439419308
640,0.2272727272727273,8.384880766016536,0.19181818181818183,0.2545454545454545,7.38488076601654,9.184880766016533,False,7.765514914259481
641,0.035454545454545454,6.162064545298055,0.02727272727272727,0.04727272727272727,3.5620645452980524,9.262064545298058,True,0.23056089647654804
642,0.1781818181818182,11.31000464031057,0.15181818181818182,0.2181818181818182,9.210004640310578,12.610004640310565,True,4.407305171354677
643,0.05272727272727273,7.620073327842324,0.04090909090909091,0.0710909090909091,4.720073327842334,10.820073327842312,True,1.1660835454779257
644,0.14454545454545453,3.036654322987816,0.13727272727272727,0.15545454545454546,2.3366543229878163,4.036654322987816,True,9.059997794894148
645,0.12272727272727273,5.024935522680263,,,,,,103.51048293498204
647,0.1590909090909091,5.714179397444372,,,,,,31.85019874397733
648,0.12454545454545454,9.376404511558164,0.10363636363636364,0.14636363636363636,7.076404511558172,11.476404511558156,True,3.554756706674692
650,0.32727272727272727,8.504357871355424,0.2727272727272727,0.39090909090909093,7.004357871355424,10.004357871355428,False,4.292859401834244
651,0.3,8.9310980632863,0.24545454545454545,0.39090909090909093,7.331098063286305,11.031098063286292,True,0.4915378187253301
652,0.05818181818181818,5.897031768893493,0.04727272727272727,0.06818181818181819,3.7970317688934916,7.6970317688934955,True,6.783668249171422
653,0.1090909090909091,7.9897152994237555,0.08272727272727273,0.13363636363636364,5.089715299423753,10.589715299423759,True,1.008380588958238
654,0.012727272727272728,14.139720519892279,0.011363636363636364,0.013636363636363636,12.939720519892283,14.939720519892276,False,9.2476129414703
655,0.16636363636363638,6.681484609009683,0.14636363636363636,0.2090909090909091,4.681484609009681,8.281484609009684,True,2.500355091534363
658,0.34545454545454546,5.300000000000001,0.2909090909090909,0.4,4.0,6.5,False,5.575436047951443
659,0.02909090909090909,1.688445360056984,,,,,,397.89548753286215
660,0.05,11.499863684139774,0.045454545454545456,0.05909090909090909,10.299863684139778,13.099863684139768,False,8.966090674091703
662,0.2818181818181818,10.64897699955325,0.2272727272727273,0.35454545454545455,9.248976999553255,12.348976999553244,True,2.9380373343949007
663,0.056363636363636366,10.380486313493153,0.04363636363636364,0.07227272727272727,7.480486313493163,13.080486313493143,True,2.4226217376661263
664,0.15363636363636363,15.795566482199778,0.14454545454545453,0.16818181818181818,14.895566482199781,17.195566482199773,False,9.260183703471839
665,0.16454545454545455,16.130308659288097,0.14636363636363636,0.2,14.430308659288103,17.73030865928809,True,5.999376884472304
666,0.049090909090909095,11.842914041241313,,,,,,22.07362956788716
667,0.07254545454545454,10.821120708628543,0.05545454545454545,0.09727272727272727,7.721120708628554,14.021120708628532,True,4.459408270418606
668,0.04,8.395499192223705,,,,,,12.49653278397581
670,0.15181818181818182,7.648677640650341,0.13,0.18636363636363637,5.648677640650339,9.948677640650343,True,1.5957360210810496
671,0.13181818181818183,7.751648374259325,0.10727272727272727,0.1590909090909091,5.051648374259322,10.151648374259327,True,0.7546531149653283
672,0.01,18.594694470800583,,,,,,80.81016566089002
673,0.14636363636363636,15.996965238739786,0.12090909090909091,0.16818181818181818,13.496965238739795,18.19696523873978,True,2.2888533242577007
674,0.01,14.203923436327328,,,,,,29.924525626174436
675,0.031818181818181815,3.9920151771693035,0.026363636363636363,0.04090909090909091,2.092015177169302,6.1920151771693055,True,5.503350967667468
676,0.06272727272727273,13.90719312001646,0.05454545454545455,0.07036363636363636,12.407193120016466,15.207193120016456,False,9.235667919351876
678,0.2272727272727273,8.905493830494473,,,,,,13.10579185459578
679,0.4636363636363636,11.72503566877117,0.34545454545454546,0.6818181818181818,9.325035668771179,14.72503566877116,True,2.27261225777163
680,0.2545454545454545,8.451252264236423,0.19454545454545455,0.32727272727272727,6.851252264236423,10.351252264236425,True,0.6781047240617463
682,0.11727272727272728,1.9000000000000001,0.10181818181818182,0.13181818181818183,0.2,3.5,True,6.345981810172532
683,0.014545454545454545,5.347901372304587,0.012727272727272728,0.01818181818181818,3.8479013723045856,7.247901372304589,False,5.320753680904209
684,0.6545454545454545,7.5,,,,,,17.697655025943373
686,0.03363636363636364,4.731326185049117,0.026363636363636363,0.04181818181818182,2.3313261850491145,6.731326185049118,True,4.4874363720173385
689,0.019545454545454546,5.581093001142075,0.015,0.04,3.7810930011420734,12.68109300114208,True,1.4547561170268202
690,0.060909090909090906,11.748726979736226,0.046363636363636364,0.08,8.948726979736236,14.948726979736215,True,1.1368728907995675
692,0.015,4.410359489098669,0.014090909090909091,0.01681818181818182,3.6103594890986686,5.410359489098671,False,9.719336756125069
693,0.030909090909090907,3.877050051032429,0.024545454545454544,0.04272727272727273,1.477050051032429,6.777050051032429,True,1.363010447371744
694,0.02909090909090909,10.30480319170507,0.024545454545454544,0.035454545454545454,8.404803191705076,12.004803191705063,False,6.729149499544923
695,0.1890909090909091,9.363277826963674,0.16272727272727272,0.2181818181818182,7.9632778269636795,10.163277826963672,True,7.87021684312206
696,0.24545454545454545,15.631783218496773,0.18636363636363637,0.3,13.93178321849678,17.231783218496766,False,3.106503153250619
697,0.07818181818181819,15.466910574056831,,,,,,21.64699398803765
698,0.05818181818181818,4.721079471229324,0.04454545454545455,0.075,1.9210794712293207,7.621079471229326,True,2.1982402970192223
700,0.37272727272727274,8.71317685271063,0.2727272727272727,0.5181818181818182,6.413176852710628,11.213176852710632,True,0.3913086068044822
701,0.24545454545454545,5.7110831340392405,0.19454545454545455,0.3090909090909091,4.31108313403924,7.4110831340392425,True,1.7906861074612292
702,0.17272727272727273,5.807559273117105,0.1481818181818182,0.2181818181818182,3.6075592731171033,7.307559273117106,True,1.8915595315849623
703,0.32727272727272727,0.0,,,,,,30.561090229417175
705,0.02090909090909091,8.909025328338815,0.01818181818181818,0.023636363636363636,7.50902532833882,10.109025328338811,False,8.553131796424356
706,0.015909090909090907,10.926189256049328,0.013181818181818182,0.019545454545454546,8.926189256049335,12.826189256049322,False,4.513753333520182
709,0.14272727272727273,5.477832388134742,0.12090909090909091,0.16636363636363638,3.3778323881347405,7.777832388134744,True,1.2511153528208718
710,0.3090909090909091,7.754234122212856,0.24545454545454545,0.39090909090909093,6.054234122212854,9.554234122212858,True,0.5344075631495303
711,0.16636363636363638,8.882049484598415,0.16272727272727272,0.16818181818181818,8.582049484598416,9.182049484598414,False,11.49820218245333
712,0.23636363636363636,7.8580967512579125,0.17272727272727273,0.3,6.058096751257911,9.758096751257915,True,0.43187333228933494
713,0.14636363636363636,7.331892814702872,0.12090909090909091,0.16818181818181818,5.03189281470287,9.531892814702873,True,1.5105647229994705
714,0.1572727272727273,10.24246672472355,0.14454545454545453,0.16636363636363638,8.942466724723555,11.142466724723548,False,9.23207955802194
715,0.16272727272727272,8.92759470935686,,,,,,50.35208523180377
716,0.5818181818181818,7.710175118706177,,,,,,25.188730884469443
717,0.015454545454545453,11.991713570764702,0.013636363636363636,0.019090909090909092,10.591713570764707,13.891713570764695,False,6.070875114087457
718,0.12090909090909091,11.594433232517844,,,,,,62.2182357940479
719,0.1590909090909091,6.569676011020787,,,,,,16.34858722028513
720,0.7818181818181819,14.283850944015338,0.5363636363636364,1.1090909090909091,11.483850944015348,16.98385094401533,True,2.783050090852951
722,0.09909090909090909,6.205254342821107,0.08272727272727273,0.11181818181818182,4.505254342821105,7.7052543428211075,True,7.661673044762705
723,0.5727272727272728,11.472592882439717,,,,,,4901.839709121484
725,0.38181818181818183,8.178918390963121,,,,,,123.30811407708427
726,0.16818181818181818,20.261711831014583,,,,,,3513.190504622346
727,0.4181818181818182,20.427651215145072,,,,,,2044.8985431284527
728,0.16454545454545455,7.561425972486182,0.15,0.2,6.061425972486181,8.961425972486184,True,6.116098294384008
730,0.2272727272727273,5.588014800826079,0.17272727272727273,0.2727272727272727,3.9880148008260776,6.78801480082608,True,3.4891304616808254
732,0.024545454545454544,8.550585314453214,,,,,,12.752388603446478
734,0.2181818181818182,19.654067601331832,,,,,,2792.833203443224
735,0.013636363636363636,3.7,0.011363636363636364,0.017272727272727273,1.8,6.0,True,3.2192705566367437
738,0.016363636363636365,3.1,0.012272727272727272,0.02181818181818182,0.0,5.9,True,3.6064360980591976
739,0.02909090909090909,2.9000000000000004,0.023636363636363636,0.038181818181818185,0.7000000000000001,5.300000000000001,True,3.6822484217738145
741,0.18363636363636365,21.610963572506293,0.15363636363636363,0.2181818181818182,19.610963572506265,22.71096357250631,False,5.773592720184261
742,0.060909090909090906,21.40118171205332,0.045454545454545456,0.07909090909090909,18.201181712053273,24.40118171205336,True,0.132211464051531
743,0.06181818181818182,19.34088106952423,,,,,,16.09973552115346
744,0.016363636363636365,11.212994870267405,,,,,,14.840895822443038
746,0.34545454545454546,20.445263335806096,,,,,,40707.30527002552
747,0.4363636363636364,15.619970791211157,0.33636363636363636,0.609090909090909,13.519970791211165,18.219970791211146,True,1.1841519264735618
749,0.16818181818181818,19.68290134270213,,,,,,975.5283164137054
750,0.13727272727272727,7.6936454978893725,0.11727272727272728,0.1572727272727273,5.59364549788938,9.493645497889366,True,4.8892458510517995
753,0.01,9.863480879911428,,,,,,442.6163214258683
754,0.017272727272727273,6.105164791021696,,,,,,694.2729574644007
756,0.02727272727272727,7.640439749599965,0.022727272727272728,0.03363636363636364,5.640439749599972,9.540439749599958,True,5.905081318580185
757,0.4090909090909091,14.307587997694405,,,,,,20.811235858356767
758,0.034545454545454546,8.290736142327978,,,,,,56.23148039849026
760,0.6,9.718208050551961,,,,,,80.66617738983251
761,0.028181818181818183,3.7147931978670576,0.023636363636363636,0.03909090909090909,1.814793197867056,6.71479319786706,True,3.4857853233979568
762,0.09909090909090909,7.7571235398628,,,,,,82.65256734959841
763,0.11545454545454546,4.8308850214403805,0.1,0.12636363636363637,3.1308850214403785,6.0308850214403815,True,8.037751494725667
764,0.07036363636363636,28.34526333580621,,,,,,243.43841563864783
765,0.9818181818181818,30.245263335806236,0.6545454545454545,1.0545454545454547,27.14526333580619,30.44526333580624,False,0.9156491633642698
767,0.23636363636363636,9.709393640560059,0.1809090909090909,0.3,8.109393640560064,11.509393640560052,True,0.3536251511717293
768,0.06545454545454546,10.587779044088645,0.049090909090909095,0.08727272727272727,7.587779044088656,13.987779044088633,True,0.14673018690742412
770,0.34545454545454546,4.5,0.3,0.39090909090909093,3.5,5.5,False,6.579409264665358
771,0.02090909090909091,7.450232361401477,0.017727272727272727,0.026363636363636363,5.750232361401483,9.850232361401469,True,5.167654195879935
773,0.1390909090909091,7.5076341739328045,0.11363636363636363,0.16454545454545455,4.907634173932802,9.907634173932806,True,0.5663576808777535
775,0.2,24.822365152623462,,,,,,29.87829019803431
776,0.6363636363636364,30.44526333580624,0.5818181818181818,0.6545454545454545,29.74526333580623,30.44526333580624,False,7.066992338936171
777,0.15545454545454546,30.44526333580624,,,,,,330.3911578399079
778,0.04,10.342007326158857,,,,,,518.0174318037813
779,0.2181818181818182,7.2217273026911695,0.17545454545454547,0.2636363636363636,5.921727302691168,8.42172730269117,True,5.6340062966955475
780,0.030909090909090907,8.33202498032775,0.028181818181818183,0.03727272727272728,7.332024980327754,9.932024980327745,False,9.132117727809874
781,0.7727272727272727,11.759902004779978,0.5545454545454546,1.0545454545454547,9.359902004779986,14.159902004779969,True,3.7766374713083644
782,0.8818181818181818,15.520087945598382,0.6,1.3,12.620087945598392,18.42008794559837,True,1.4269684416615636
783,0.053636363636363635,4.21721488805845,0.04363636363636364,0.07072727272727274,1.9172148880584485,7.217214888058453,True,3.0558548834407455
784,0.010454545454545454,9.722256253861508,0.01,0.013181818181818182,9.12225625386151,11.9222562538615,True,4.8543941908458486
785,0.24545454545454545,11.431632703504496,0.1781818181818182,0.2909090909090909,9.531632703504503,12.831632703504491,True,1.0412783469528673
786,0.2636363636363636,6.9536294866995405,0.23636363636363636,0.2909090909090909,6.15362948669954,7.753629486699541,False,9.135089392128506
787,0.4636363636363636,0.0,,,,,,107.31882158553432
788,0.06909090909090909,4.738434761019956,0.057272727272727274,0.08272727272727273,2.738434761019954,6.738434761019957,True,6.1324927772083555
789,0.2,10.985853269741222,,,,,,15.50609583525565
790,0.11363636363636363,3.8544916757142755,,,,,,65.28411446744148
791,0.2818181818181818,11.218423363592855,0.2181818181818182,0.36363636363636365,9.518423363592861,13.218423363592848,True,0.268980858481625
793,0.2636363636363636,22.81037294167003,0.2,0.33636363636363636,21.010372941670003,24.710372941670055,True,0.5070313659826858
795,0.1481818181818182,17.22937649611255,0.12818181818181817,0.16636363636363638,15.329376496112559,18.929376496112546,True,5.421067380596977
798,0.011818181818181818,4.403489714643112,0.01,0.013636363636363636,2.7034897146431107,6.003489714643114,False,6.851610845790429
799,0.1409090909090909,4.312155587367977,,,,,,315.3148401824926
800,0.16272727272727272,3.449148208841985,,,,,,11.71727497857837
802,0.4363636363636364,8.884378855641081,0.33636363636363636,0.5818181818181818,6.78437885564108,11.084378855641084,True,1.3613756514709054
803,0.04727272727272727,15.446168268148703,0.04090909090909091,0.05818181818181818,13.74616826814871,17.646168268148696,False,7.160940598640121
804,0.34545454545454546,7.859872198286155,0.2727272727272727,0.44545454545454544,6.159872198286154,9.959872198286156,True,0.2032849997985124
805,0.09545454545454546,10.51570155552376,0.08454545454545455,0.10727272727272727,9.315701555523765,11.715701555523756,False,9.56664498342663
806,0.2909090909090909,9.584181631028153,0.24545454545454545,0.38181818181818183,8.284181631028158,11.684181631028146,True,1.9040243200517886
807,0.1,10.911619836617785,0.07418181818181818,0.12636363636363637,7.811619836617796,13.811619836617774,False,0.031360388734414595
808,0.014545454545454545,6.0747627151349715,,,,,,10277.51098213715
809,0.011818181818181818,8.381852680338524,0.011363636363636364,0.011818181818181818,7.981852680338525,8.381852680338524,False,11.348413884110528
811,0.1190909090909091,10.171697068621874,0.09727272727272727,0.14272727272727273,7.771697068621883,12.571697068621866,True,3.356858926344424
812,0.8636363636363636,11.172944507243589,,,,,,15.058410391197912
813,0.07727272727272727,13.36516403738009,0.05818181818181818,0.10272727272727274,10.165164037380102,16.36516403738008,True,0.39378808369664997
816,0.4909090909090909,23.567244167182306,0.39090909090909093,0.6727272727272727,21.66724416718228,25.96724416718234,True,4.530293015526667
817,0.046363636363636364,14.305427696881905,0.03727272727272728,0.057272727272727274,12.005427696881913,16.505427696881895,True,4.940111380983129
818,0.1572727272727273,6.3001621142004325,,,,,,287.9515918090112
819,0.2090909090909091,2.0,,,,,,23.659655497221422
821,0.03727272727272728,17.986753017217314,0.03272727272727273,0.04181818181818182,16.8867530172173,19.18675301721733,False,9.612565259926633
823,0.025454545454545455,7.4344386416411705,0.02090909090909091,0.03363636363636364,5.534438641641177,10.23443864164116,True,3.5140650173800108
824,0.5,8.979047081405668,0.39090909090909093,0.7181818181818181,7.079047081405674,11.679047081405658,True,0.28042501908037726
825,0.03,0.6868463162958438,,,,,,1062.1792487689704
826,0.031818181818181815,7.260959492179504,0.024545454545454544,0.04363636363636364,4.560959492179501,10.360959492179507,True,0.3219035930152636
828,0.07090909090909091,17.074419753410943,,,,,,11.68423042778084
829,0.06636363636363636,14.257060092030313,0.049090909090909095,0.08636363636363636,11.157060092030324,17.2570600920303,True,0.47980289487062033
830,0.08909090909090908,13.40208313299586,0.07954545454545454,0.10272727272727274,12.102083132995865,14.702083132995856,False,9.57471817030573
831,0.08545454545454545,4.116693556015189,0.07036363636363636,0.10818181818181818,1.9166935560151868,6.616693556015191,True,4.050431354281872
832,0.010454545454545454,11.055670039325356,,,,,,32.173788136794805
833,0.049090909090909095,21.702067502403025,0.04181818181818182,0.06,19.902067502403,23.702067502403054,False,6.848950915838885
834,0.022727272727272728,8.364748026493865,0.01818181818181818,0.028181818181818183,6.3647480264938725,10.864748026493857,True,3.3953305001385456
835,0.03363636363636364,4.887021972481127,0.02727272727272727,0.04181818181818182,2.887021972481125,6.987021972481129,True,5.834642978346698
836,0.15363636363636363,25.145240225858966,0.13,0.18363636363636365,22.945240225858935,27.245240225858996,True,3.400453429124631
837,0.23636363636363636,2.9000000000000004,0.19181818181818183,0.2727272727272727,1.7000000000000002,3.9000000000000004,True,4.850510907575341
838,0.10272727272727274,11.146331512468727,,,,,,12.904502665196844
839,0.16454545454545455,7.204295007449852,,,,,,14.581365282402325
840,0.02909090909090909,13.224589674899072,0.02181818181818182,0.04090909090909091,10.024589674899083,16.52458967489906,True,3.3434608229700977
841,0.015454545454545453,10.577170820566142,0.013636363636363636,0.01818181818181818,9.277170820566147,12.077170820566137,False,7.189756560256877
842,0.2181818181818182,13.464696939961227,0.1890909090909091,0.23636363636363636,12.66469693996123,13.964696939961225,False,9.91562971334119
843,0.509090909090909,6.9236696139501035,0.4181818181818182,0.6545454545454545,5.4236696139501035,8.723669613950102,False,5.0708300825245685
845,0.23636363636363636,10.250164312536251,0.17272727272727273,0.2909090909090909,8.350164312536258,11.750164312536246,True,0.42411519908719897
846,0.5636363636363636,14.15807889864133,0.4090909090909091,0.8363636363636364,11.658078898641339,17.15807889864132,True,0.13809512428946355
847,0.07036363636363636,13.821540658209626,0.05181818181818182,0.09090909090909091,10.521540658209638,16.721540658209616,True,0.6352153600912989
848,0.1190909090909091,4.844522894008805,,,,,,13.538893797810209
849,0.04727272727272727,8.527936672259369,,,,,,10023.594314054944
850,0.01681818181818182,12.228679128734553,,,,,,27.625459067723874
851,0.06454545454545454,15.067552234691258,0.05272727272727273,0.07636363636363636,12.967552234691265,17.06755223469125,True,6.565896518737526
852,0.06181818181818182,15.071631821417714,0.04818181818181819,0.07772727272727273,12.471631821417724,17.771631821417706,True,3.4161780781703133
853,0.07336363636363635,4.376054171337772,0.05818181818181818,0.09363636363636364,1.7760541713377695,7.076054171337774,True,2.5553724404533944
854,0.2636363636363636,8.05113303989874,0.2090909090909091,0.32727272727272727,6.551133039898739,9.751133039898741,True,1.8862018910271026
855,0.10454545454545455,9.290393864625552,0.08727272727272727,0.12090909090909091,7.490393864625558,11.190393864625545,True,6.623080923888415
856,0.16636363636363638,11.164972856482203,0.1390909090909091,0.2090909090909091,8.564972856482212,12.864972856482197,True,1.0831222035198278
857,0.1390909090909091,7.025011051225787,0.11545454545454546,0.1590909090909091,4.625011051225785,8.825011051225788,True,3.1209440872071363
858,0.02090909090909091,8.184297034623322,0.015909090909090907,0.02727272727272727,5.684297034623319,10.884297034623323,True,0.47357948286630913
860,0.045454545454545456,7.490054072508958,,,,,,72.5478265402041
861,0.4363636363636364,6.284626366889638,,,,,,35983.28855126172
862,0.01863636363636364,13.984327644877936,,,,,,12.682671986640344
863,0.09636363636363636,4.714622138230766,,,,,,416.9914064482345
865,0.026363636363636363,14.645002850091952,0.022727272727272728,0.031818181818181815,13.145002850091958,16.645002850091945,False,5.608236956893339
866,0.02909090909090909,4.0,0.022727272727272728,0.038181818181818185,1.3,6.4,True,1.3646129709380452
867,0.015,15.551771912537586,0.014545454545454545,0.01681818181818182,15.151771912537587,16.651771912537583,False,10.449751862302874
868,0.39090909090909093,4.1000000000000005,0.3090909090909091,0.509090909090909,2.5,6.0,True,2.6389921580682927
869,0.06545454545454546,9.367023386393065,0.049090909090909095,0.08636363636363636,6.367023386393075,12.667023386393053,True,0.025005416434279063
870,0.2,1.7000000000000002,0.16818181818181818,0.23636363636363636,0.6000000000000001,2.7,True,5.469762558281911
871,0.015454545454545453,3.6310105201147853,,,,,,126.14039352673876
872,0.23636363636363636,2.2,,,,,,13.267869747011382
873,0.35454545454545455,6.9480947098910075,0.2818181818181818,0.4545454545454546,5.148094709891005,8.848094709891008,True,0.05342044464619036
874,0.015,8.735048558249138,,,,,,11.996598444662887
876,0.07390909090909091,4.380919103939565,0.060909090909090906,0.09272727272727273,2.1809191039395635,6.980919103939568,True,4.222606321120717
878,0.014090909090909091,8.557192853947253,0.011818181818181818,0.017272727272727273,6.65719285394726,10.557192853947246,False,4.077342934783126
880,0.1,10.263202457399052,0.07545454545454545,0.12636363636363637,7.263202457399062,13.263202457399041,False,0.15886437795384245
882,0.019090909090909092,12.080265244134,,,,,,20.099703186512112
883,0.06181818181818182,14.289669516163908,0.05090909090909091,0.07163636363636364,12.289669516163915,15.989669516163902,False,7.558321329558031
884,0.15363636363636363,11.284839703787025,0.13545454545454547,0.17545454545454547,9.584839703787031,13.084839703787019,True,5.440366639648925
885,0.10272727272727274,5.266456933613355,0.09,0.11545454545454546,4.066456933613354,6.6664569336133574,True,8.51887245382268
886,0.02727272727272727,10.931647409460524,0.02090909090909091,0.03636363636363636,8.331647409460533,13.631647409460514,True,1.5357923345169255
888,0.2909090909090909,0.8,,,,,,48.73341107780688
890,0.05909090909090909,9.800703151554675,0.049090909090909095,0.07145454545454545,7.800703151554682,11.900703151554668,True,6.283801515206618
891,0.017727272727272727,10.226136661181755,0.014090909090909091,0.022727272727272728,7.926136661181763,12.626136661181746,True,2.764187095010033
892,0.01,10.072610832412376,,,,,,25.702653466237937
893,0.01863636363636364,7.835903508132613,0.014545454545454545,0.022727272727272728,5.435903508132622,9.835903508132606,True,2.87411691522242
894,0.04090909090909091,11.536956279132689,0.03,0.053636363636363635,8.736956279132698,14.436956279132678,True,0.3317289904124423
895,0.045454545454545456,13.729326189770214,0.035454545454545454,0.05909090909090909,11.229326189770223,16.629326189770204,True,2.4098937281262343
896,0.028181818181818183,4.493265033361618,0.022727272727272728,0.03636363636363636,2.2932650333616182,6.793265033361617,True,4.009658116743487
897,0.34545454545454546,5.448760524745562,0.2818181818181818,0.4181818181818182,3.9487605247455604,6.9487605247455635,True,2.6006774621347954
898,0.01863636363636364,4.945930761801321,0.015,0.022727272727272728,2.84593076180132,6.745930761801323,True,5.101526757658157
900,0.1409090909090909,5.37558295701329,0.13181818181818183,0.15181818181818182,4.475582957013289,6.275582957013291,False,9.543015743059723
901,0.013636363636363636,9.392729222187956,0.011818181818181818,0.016363636363636365,7.8927292221879615,11.19272922218795,False,6.407720296648757
903,0.019090909090909092,9.716825041765933,0.015,0.024545454545454544,7.416825041765941,12.116825041765924,True,3.587168267485577
905,0.09363636363636364,7.5711299663000124,0.07281818181818181,0.1190909090909091,4.77112996630001,10.371129966300014,True,1.5213806826106742
906,0.014545454545454545,14.444213904926642,,,,,,13.372268885975558
907,0.03272727272727273,4.406788947262905,0.025454545454545455,0.04272727272727273,1.8067889472629064,6.906788947262905,True,2.447843555699187
908,0.15545454545454546,11.133643805129722,0.1409090909090909,0.1809090909090909,9.633643805129728,12.833643805129716,True,6.400080325402143
909,0.012727272727272728,2.9000000000000004,0.010454545454545454,0.015909090909090907,1.0,5.300000000000001,True,2.288344411594429
910,0.03909090909090909,4.697757394013582,0.02909090909090909,0.049090909090909095,1.9977573940135795,7.197757394013584,True,2.1541668783968233
911,0.44545454545454544,12.801402933792133,0.34545454545454546,0.609090909090909,10.70140293379214,15.201402933792124,True,0.8749947977205328
912,0.01681818181818182,9.658093393588858,0.015454545454545453,0.019090909090909092,8.858093393588861,10.958093393588854,False,9.734083711616929
913,0.05090909090909091,11.32079406541659,0.04090909090909091,0.06454545454545454,8.8207940654166,13.720794065416582,True,4.5629007630301315
916,0.2181818181818182,13.993884395852858,0.16818181818181818,0.2909090909090909,12.293884395852864,15.99388439585285,True,0.5094181819006673
917,0.011818181818181818,9.609490746703253,0.01,0.014090909090909091,8.009490746703259,11.509490746703246,False,7.056320919933808
919,0.04454545454545455,4.407697223441825,0.03363636363636364,0.057272727272727274,1.7076972234418255,7.107697223441824,True,1.8864143918991894
920,0.13181818181818183,9.21326887330185,,,,,,12.157142478885934
921,0.12454545454545454,7.106769150310515,0.09727272727272727,0.15181818181818182,4.106769150310512,9.806769150310517,True,1.182515312837043
923,0.1572727272727273,7.009546816138682,0.15181818181818182,0.16090909090909092,6.509546816138684,7.409546816138681,False,10.96048075781259
924,0.01,14.35029960205909,,,,,,26.240854868347704
925,0.15363636363636363,2.7,0.13545454545454547,0.16818181818181818,1.1,4.1000000000000005,True,5.214843883262234
926,0.015909090909090907,4.1542425647560375,0.014090909090909091,0.01818181818181818,2.854242564756036,5.454242564756038,False,7.90320603414507
927,0.01,14.953485600629087,,,,,,32.9703009469444
928,0.2909090909090909,12.619411501847136,0.2272727272727273,0.37272727272727274,10.919411501847142,14.519411501847129,True,1.27218847431182
929,0.028181818181818183,9.094153622243967,0.02181818181818182,0.04,6.294153622243977,12.394153622243955,True,1.2123641261638118
931,0.023636363636363636,4.066614427042343,0.01863636363636364,0.03,1.7666144270423412,6.766614427042345,True,4.555229053638314
932,0.2818181818181818,8.73910069034861,0.2181818181818182,0.36363636363636365,7.039100690348609,10.539100690348612,True,0.15636671972240557
934,0.2181818181818182,5.201231095358671,0.16818181818181818,0.2727272727272727,3.6012310953586715,6.701231095358671,True,0.810072795418201
935,0.060909090909090906,8.592819961737227,0.046363636363636364,0.07909090909090909,5.6928199617372375,11.592819961737217,True,1.465498253587231
936,0.01681818181818182,9.984831860265661,,,,,,13.29716192942186
937,0.12636363636363637,10.62990182848295,0.11363636363636363,0.1390909090909091,9.229901828482955,11.929901828482945,True,9.000444648480531
939,0.13363636363636364,9.56726435604039,0.1190909090909091,0.14636363636363636,8.167264356040395,10.667264356040386,True,8.859396111882754
940,0.02090909090909091,9.731095162104396,0.017727272727272727,0.026363636363636363,8.131095162104401,12.031095162104387,True,4.420808184502194
942,0.13363636363636364,8.574797676742168,0.1090909090909091,0.1590909090909091,5.9747976767421775,10.97479767674216,True,1.0907314833185309
945,0.32727272727272727,11.635346878382329,0.2636363636363636,0.4272727272727273,9.935346878382335,13.735346878382321,True,0.8381469602532301
946,0.33636363636363636,0.8544542884589977,,,,,,57.687874417765975
947,0.11727272727272728,8.709288026777507,0.10272727272727274,0.13,7.109288026777513,10.109288026777502,True,8.096310208470562
950,0.015909090909090907,12.84116615189538,,,,,,15.959065400898938
952,0.1409090909090909,8.25191481677764,,,,,,14.575487237558459
953,0.32727272727272727,0.0,,,,,,89.36490950298634
957,0.02909090909090909,8.862759835610552,0.026363636363636363,0.034545454545454546,7.762759835610556,10.462759835610546,False,8.75768848366327
958,0.015909090909090907,8.715452261768405,0.014090909090909091,0.017727272727272727,7.41545226176841,9.715452261768402,False,9.354057969199827
961,0.019090909090909092,11.748547918424643,,,,,,13.661150512729824
964,0.03727272727272728,3.9540841644676816,0.02909090909090909,0.04727272727272727,1.7540841644676797,6.554084164467684,True,3.5227349255416387
971,0.13181818181818183,10.367376664075413,,,,,,13.898812697793261
981,0.04181818181818182,11.840937135964733,,,,,,12.881734336586156
992,0.17272727272727273,11.838386056990393,0.15545454545454546,0.2,10.438386056990398,12.83838605699039,True,8.278317851476425
1001,0.14636363636363636,2.80911725355045,0.13545454545454547,0.16090909090909092,1.80911725355045,4.209117253550449,False,7.799339537664769
1012,0.04363636363636364,2.440056886767749,,,,,,12.453641848638922
1021,0.15363636363636363,9.356185413085981,0.13181818181818183,0.1809090909090909,7.256185413085989,11.156185413085975,True,3.743369378817289
1030,0.02,12.730537709937789,0.015909090909090907,0.025454545454545455,10.530537709937796,15.03053770993778,True,5.703511346263211
1031,0.2272727272727273,3.5,,,,,,30.99332185834196
1032,0.15181818181818182,2.997830676404517,,,,,,11140.419031420504
1033,0.2818181818181818,19.475251063777865,0.2272727272727273,0.32727272727272727,17.975251063777844,20.675251063777882,False,6.994303061022408
1034,0.012272727272727272,10.571226967668144,,,,,,17.514746526648818
1036,0.2272727272727273,1.3,,,,,,20.53446304911944
1037,0.8545454545454546,11.657343010746274,,,,,,1379.6657448467
1038,0.04454545454545455,6.542315536923391,,,,,,17063.65446210163
1039,0.06636363636363636,10.4045989828134,,,,,,13.24628662488147
1041,1.2181818181818183,12.783571925639581,,,,,,30.978454206731556
1043,0.18636363636363637,2.5,,,,,,12.434536577822914
1045,0.045454545454545456,13.837786945629087,0.04090909090909091,0.06363636363636364,12.837786945629091,17.537786945629072,True,4.29864767998195
1046,0.02181818181818182,4.397502657148238,0.019545454545454546,0.023636363636363636,3.3975026571482374,5.197502657148239,False,9.865704653062808
1047,0.11363636363636363,6.547734761485627,0.09272727272727273,0.13545454545454547,4.347734761485625,8.747734761485628,True,4.1291660172417535
1048,0.08545454545454545,11.551370786345398,0.06636363636363636,0.11181818181818182,8.451370786345409,14.351370786345388,True,1.6818760205818268
1050,0.014090909090909091,21.5452541929274,,,,,,28.684754744885964
1051,0.1090909090909091,20.445263335806096,,,,,,12573.145901049415
1052,0.02727272727272727,4.627851351561531,0.022727272727272728,0.035454545454545454,2.827851351561529,7.1278513515615325,True,4.294881961935479
1053,0.019090909090909092,3.724495789959169,0.016363636363636365,0.02090909090909091,2.324495789959169,4.524495789959168,False,8.700505978074766
1054,0.38181818181818183,1.7121076226405867,,,,,,57.6124166199382
1056,0.08727272727272727,19.008271591688242,0.06909090909090909,0.11181818181818182,16.208271591688252,21.70827159168823,True,2.3767498510668905
1057,0.028181818181818183,16.32093524462681,,,,,,2481.206997720776
1059,0.2545454545454545,1.7000000000000002,,,,,,22.055296187181526
1060,0.10636363636363637,10.665349822769006,0.09363636363636364,0.11727272727272728,9.36534982276901,11.965349822769001,True,9.288179251287776
1061,0.05181818181818182,11.058475900125813,,,,,,13.109716438755937
1062,0.013636363636363636,3.699973109948675,0.011818181818181818,0.01681818181818182,2.0999731099486754,5.799973109948675,True,4.844450859749096
1063,0.019545454545454546,12.051764869936253,,,,,,13.488038110631056
1064,0.019545454545454546,13.146648828837554,0.01681818181818182,0.022727272727272728,11.64664882883756,14.44664882883755,False,7.922925238531461
1065,0.09454545454545454,15.967930296359773,0.07818181818181819,0.11,13.86793029635978,17.667930296359767,True,7.362739554874673
1066,0.026363636363636363,8.44784251614385,0.02181818181818182,0.031818181818181815,6.647842516143857,10.547842516143843,True,5.522969028978581
1067,0.05,3.2315972441059206,0.04090909090909091,0.06636363636363636,0.8315972441059212,6.13159724410592,True,3.087683257109982
1068,0.026363636363636363,4.103399115564389,0.02090909090909091,0.03272727272727273,1.8033991155643894,6.303399115564388,True,3.814744501723112
1069,0.035454545454545454,5.251613338633774,0.028181818181818183,0.04454545454545455,3.0516133386337723,7.551613338633776,True,4.271321033830188
1070,0.12636363636363637,6.83346947196145,0.10636363636363637,0.14636363636363636,4.633469471961448,8.833469471961452,True,4.496770616566598
1071,0.2727272727272727,5.938454139430132,0.23636363636363636,0.3181818181818182,4.938454139430131,7.138454139430133,True,6.7232455074998185
1072,0.06,8.210711392217446,0.053636363636363635,0.06818181818181819,7.01071139221745,9.610711392217441,True,9.469682785046432
1073,0.04363636363636364,12.046214020238205,,,,,,31.996795066317365
1075,0.07181818181818181,6.939405072122649,0.05,0.10181818181818182,2.839405072122645,10.839405072122652,True,0.21947672679316776
1076,0.09,8.939215006968322,0.07054545454545455,0.11363636363636363,6.139215006968332,11.439215006968313,True,2.69601690843602
1077,0.07418181818181818,6.711976965728114,0.056363636363636366,0.09727272727272727,3.7119769657281116,9.511976965728117,True,1.2471164137226174
1078,0.02181818181818182,20.112893628732675,,,,,,13.623199950310614
1079,0.3,8.496562971507194,0.2545454545454545,0.36363636363636365,7.296562971507198,9.996562971507188,True,4.2964701889218
1080,0.16272727272727272,6.437402066446187,0.13181818181818183,0.2181818181818182,3.537402066446184,8.737402066446188,True,0.6499035337659768
1081,0.013636363636363636,9.697973366269588,0.013181818181818182,0.014090909090909091,9.29797336626959,10.097973366269587,False,10.777848945152394
1082,0.1572727272727273,9.385884949367208,0.1390909090909091,0.19454545454545455,7.585884949367214,11.3858849493672,True,3.9059771284899054
1084,0.015909090909090907,15.650189187125266,0.014090909090909091,0.017727272727272727,14.45018918712527,16.650189187125264,False,9.115158070917808
1085,0.15181818181818182,16.798529363065207,0.12636363636363637,0.19181818181818183,14.198529363065218,19.3985293630652,True,2.854456548654213
1086,0.046363636363636364,4.34724583239743,0.038181818181818185,0.05818181818181818,2.2472458323974287,6.647245832397433,True,4.854873415127635
1089,0.1409090909090909,6.318686748637207,,,,,,12.661656944181367
1090,0.04090909090909091,10.284553163000831,,,,,,66.6264927963299
1091,0.030909090909090907,4.791580620579546,0.025454545454545455,0.04181818181818182,2.691580620579544,7.4915806205795485,True,3.5863359888678463
