density,epsilon_ff,seed,time_myr,snapshot_available,n_interpolated_stars
0.1,0.01,00,1.0,True,271
0.1,0.01,00,1.5,True,386
0.1,0.01,00,2.0,True,461
0.1,0.01,00,2.5,True,565
0.1,0.01,00,3.0,True,677
0.1,0.01,00,3.5,True,732
0.1,0.01,00,4.0,True,807
0.1,0.01,00,4.5,True,860
0.1,0.01,00,5.0,True,922
0.1,0.01,00,5.5,True,970
0.1,0.01,00,6.0,True,1041
0.1,0.01,00,6.5,True,1131
0.1,0.01,00,7.0,True,1219
0.1,0.01,00,7.5,True,1309
0.1,0.01,00,8.0,True,1415
0.1,0.01,00,8.5,True,1523
0.1,0.01,00,9.0,True,1626
0.1,0.01,00,9.5,True,1712
0.1,0.01,00,10.0,True,1768
0.1,0.01,00,10.5,True,1842
0.1,0.01,00,11.0,True,1926
0.1,0.01,00,11.5,True,2009
0.1,0.01,00,12.0,True,2079
0.1,0.01,00,12.5,True,2166
0.1,0.01,00,13.0,True,2244
0.1,0.01,00,13.5,True,2300
0.1,0.01,00,14.0,True,2382
0.1,0.01,00,14.5,True,2466
0.1,0.01,00,15.0,True,2520
0.1,0.01,00,15.5,True,2632
0.1,0.01,00,16.0,True,2713
0.1,0.01,00,16.5,True,2801
0.1,0.01,00,17.0,True,2910
0.1,0.01,00,17.5,True,2970
0.1,0.01,00,18.0,True,2974
0.1,0.01,00,18.5,True,2974
0.1,0.01,00,19.0,True,2979
0.1,0.01,00,19.5,True,2977
0.1,0.01,00,20.0,True,2868
0.1,0.03,00,1.0,True,534
0.1,0.03,00,1.5,True,747
0.1,0.03,00,2.0,True,989
0.1,0.03,00,2.5,True,1238
0.1,0.03,00,3.0,True,1428
0.1,0.03,00,3.5,True,1656
0.1,0.03,00,4.0,True,1924
0.1,0.03,00,4.5,True,2103
0.1,0.03,00,5.0,True,2303
0.1,0.03,00,5.5,True,2509
0.1,0.03,00,6.0,True,2693
0.1,0.03,00,6.5,True,2866
0.1,0.03,00,7.0,True,2868
0.1,0.03,00,7.5,True,2874
0.1,0.03,00,8.0,True,2876
0.1,0.03,00,8.5,True,2879
0.1,0.03,00,9.0,True,2878
0.1,0.03,00,9.5,True,2880
0.1,0.03,00,10.0,True,2881
0.1,0.03,00,10.5,True,2884
0.1,0.03,00,11.0,True,2887
0.1,0.03,00,11.5,True,2888
0.1,0.03,00,12.0,True,2892
0.1,0.03,00,12.5,True,2893
0.1,0.03,00,13.0,True,2893
0.1,0.03,00,13.5,True,2896
0.1,0.03,00,14.0,True,2895
0.1,0.03,00,14.5,True,2894
0.1,0.03,00,15.0,True,2896
0.1,0.03,00,15.5,True,2895
0.1,0.03,00,16.0,True,2898
0.1,0.03,00,16.5,True,2898
0.1,0.03,00,17.0,True,2900
0.1,0.03,00,17.5,True,2901
0.1,0.03,00,18.0,True,2902
0.1,0.03,00,18.5,True,2898
0.1,0.03,00,19.0,True,2898
0.1,0.03,00,19.5,True,2897
0.1,0.03,00,20.0,True,2791
0.1,0.1,00,1.0,True,1267
0.1,0.1,00,1.5,True,1820
0.1,0.1,00,2.0,True,2363
0.1,0.1,00,2.5,True,2547
0.1,0.1,00,3.0,True,2553
0.1,0.1,00,3.5,True,2554
0.1,0.1,00,4.0,True,2552
0.1,0.1,00,4.5,True,2553
0.1,0.1,00,5.0,True,2557
0.1,0.1,00,5.5,True,2559
0.1,0.1,00,6.0,True,2562
0.1,0.1,00,6.5,True,2562
0.1,0.1,00,7.0,True,2563
0.1,0.1,00,7.5,True,2566
0.1,0.1,00,8.0,True,2567
0.1,0.1,00,8.5,True,2567
0.1,0.1,00,9.0,True,2568
0.1,0.1,00,9.5,True,2569
0.1,0.1,00,10.0,True,2569
0.1,0.1,00,10.5,True,2569
0.1,0.1,00,11.0,True,2569
0.1,0.1,00,11.5,True,2568
0.1,0.1,00,12.0,True,2567
0.1,0.1,00,12.5,True,2569
0.1,0.1,00,13.0,True,2569
0.1,0.1,00,13.5,True,2569
0.1,0.1,00,14.0,True,2570
0.1,0.1,00,14.5,True,2569
0.1,0.1,00,15.0,True,2569
0.1,0.1,00,15.5,True,2570
0.1,0.1,00,16.0,True,2571
0.1,0.1,00,16.5,True,2571
0.1,0.1,00,17.0,True,2570
0.1,0.1,00,17.5,True,2570
0.1,0.1,00,18.0,True,2572
0.1,0.1,00,18.5,True,2570
0.1,0.1,00,19.0,True,2569
0.1,0.1,00,19.5,True,2568
0.1,0.1,00,20.0,True,2453
0.1,0.3,00,1.0,True,2480
0.1,0.3,00,1.5,True,2494
0.1,0.3,00,2.0,True,2497
0.1,0.3,00,2.5,True,2500
0.1,0.3,00,3.0,True,2500
0.1,0.3,00,3.5,True,2503
0.1,0.3,00,4.0,True,2506
0.1,0.3,00,4.5,True,2508
0.1,0.3,00,5.0,True,2509
0.1,0.3,00,5.5,True,2513
0.1,0.3,00,6.0,True,2513
0.1,0.3,00,6.5,True,2513
0.1,0.3,00,7.0,True,2515
0.1,0.3,00,7.5,True,2513
0.1,0.3,00,8.0,True,2513
0.1,0.3,00,8.5,True,2511
0.1,0.3,00,9.0,True,2513
0.1,0.3,00,9.5,True,2513
0.1,0.3,00,10.0,True,2512
0.1,0.3,00,10.5,True,2512
0.1,0.3,00,11.0,True,2512
0.1,0.3,00,11.5,True,2512
0.1,0.3,00,12.0,True,2512
0.1,0.3,00,12.5,True,2511
0.1,0.3,00,13.0,True,2511
0.1,0.3,00,13.5,True,2509
0.1,0.3,00,14.0,True,2508
0.1,0.3,00,14.5,True,2508
0.1,0.3,00,15.0,True,2508
0.1,0.3,00,15.5,True,2509
0.1,0.3,00,16.0,True,2508
0.1,0.3,00,16.5,True,2506
0.1,0.3,00,17.0,True,2507
0.1,0.3,00,17.5,True,2507
0.1,0.3,00,18.0,True,2508
0.1,0.3,00,18.5,True,2506
0.1,0.3,00,19.0,True,2507
0.1,0.3,00,19.5,True,2509
0.1,0.3,00,20.0,True,2380
0.1,1.0,00,1.0,True,2374
0.1,1.0,00,1.5,True,2380
0.1,1.0,00,2.0,True,2381
0.1,1.0,00,2.5,True,2387
0.1,1.0,00,3.0,True,2389
0.1,1.0,00,3.5,True,2389
0.1,1.0,00,4.0,True,2395
0.1,1.0,00,4.5,True,2393
0.1,1.0,00,5.0,True,2395
0.1,1.0,00,5.5,True,2395
0.1,1.0,00,6.0,True,2394
0.1,1.0,00,6.5,True,2395
0.1,1.0,00,7.0,True,2394
0.1,1.0,00,7.5,True,2393
0.1,1.0,00,8.0,True,2393
0.1,1.0,00,8.5,True,2393
0.1,1.0,00,9.0,True,2393
0.1,1.0,00,9.5,True,2394
0.1,1.0,00,10.0,True,2397
0.1,1.0,00,10.5,True,2395
0.1,1.0,00,11.0,True,2396
0.1,1.0,00,11.5,True,2396
0.1,1.0,00,12.0,True,2395
0.1,1.0,00,12.5,True,2396
0.1,1.0,00,13.0,True,2393
0.1,1.0,00,13.5,True,2394
0.1,1.0,00,14.0,True,2397
0.1,1.0,00,14.5,True,2393
0.1,1.0,00,15.0,True,2396
0.1,1.0,00,15.5,True,2394
0.1,1.0,00,16.0,True,2395
0.1,1.0,00,16.5,True,2396
0.1,1.0,00,17.0,True,2395
0.1,1.0,00,17.5,True,2395
0.1,1.0,00,18.0,True,2398
0.1,1.0,00,18.5,True,2398
0.1,1.0,00,19.0,True,2396
0.1,1.0,00,19.5,True,2395
0.1,1.0,00,20.0,True,2194
1.0,0.01,00,1.0,True,786
1.0,0.01,00,1.5,True,988
1.0,0.01,00,2.0,True,1258
1.0,0.01,00,2.5,True,1614
1.0,0.01,00,3.0,True,2001
1.0,0.01,00,3.5,True,2339
1.0,0.01,00,4.0,True,2340
1.0,0.01,00,4.5,True,2344
1.0,0.01,00,5.0,True,2346
1.0,0.01,00,5.5,True,2348
1.0,0.01,00,6.0,True,2341
1.0,0.01,00,6.5,True,2341
1.0,0.01,00,7.0,True,2340
1.0,0.01,00,7.5,True,2342
1.0,0.01,00,8.0,True,2340
1.0,0.01,00,8.5,True,2344
1.0,0.01,00,9.0,True,2342
1.0,0.01,00,9.5,True,2343
1.0,0.01,00,10.0,True,2342
1.0,0.01,00,10.5,True,2339
1.0,0.01,00,11.0,True,2340
1.0,0.01,00,11.5,True,2338
1.0,0.01,00,12.0,True,2341
1.0,0.01,00,12.5,True,2341
1.0,0.01,00,13.0,True,2340
1.0,0.01,00,13.5,True,2339
1.0,0.01,00,14.0,True,2337
1.0,0.01,00,14.5,True,2339
1.0,0.01,00,15.0,True,2339
1.0,0.01,00,15.5,True,2340
1.0,0.01,00,16.0,True,2342
1.0,0.01,00,16.5,True,2343
1.0,0.01,00,17.0,True,2342
1.0,0.01,00,17.5,True,2342
1.0,0.01,00,18.0,True,2341
1.0,0.01,00,18.5,True,2341
1.0,0.01,00,19.0,True,2341
1.0,0.01,00,19.5,True,2340
1.0,0.01,00,20.0,True,2340
1.0,0.03,00,1.0,True,2436
1.0,0.03,00,1.5,True,2759
1.0,0.03,00,2.0,True,2776
1.0,0.03,00,2.5,True,2782
1.0,0.03,00,3.0,True,2785
1.0,0.03,00,3.5,True,2786
1.0,0.03,00,4.0,True,2787
1.0,0.03,00,4.5,True,2791
1.0,0.03,00,5.0,True,2792
1.0,0.03,00,5.5,True,2797
1.0,0.03,00,6.0,True,2796
1.0,0.03,00,6.5,True,2795
1.0,0.03,00,7.0,True,2797
1.0,0.03,00,7.5,True,2800
1.0,0.03,00,8.0,True,2800
1.0,0.03,00,8.5,True,2801
1.0,0.03,00,9.0,True,2800
1.0,0.03,00,9.5,True,2798
1.0,0.03,00,10.0,True,2797
1.0,0.03,00,10.5,True,2797
1.0,0.03,00,11.0,True,2797
1.0,0.03,00,11.5,True,2797
1.0,0.03,00,12.0,True,2796
1.0,0.03,00,12.5,True,2795
1.0,0.03,00,13.0,True,2797
1.0,0.03,00,13.5,True,2798
1.0,0.03,00,14.0,True,2798
1.0,0.03,00,14.5,True,2800
1.0,0.03,00,15.0,True,2799
1.0,0.03,00,15.5,True,2799
1.0,0.03,00,16.0,True,2800
1.0,0.03,00,16.5,True,2802
1.0,0.03,00,17.0,True,2801
1.0,0.03,00,17.5,True,2800
1.0,0.03,00,18.0,True,2800
1.0,0.03,00,18.5,True,2800
1.0,0.03,00,19.0,True,2799
1.0,0.03,00,19.5,True,2799
1.0,0.03,00,20.0,True,2660
1.0,0.1,00,1.0,True,2425
1.0,0.1,00,1.5,True,2430
1.0,0.1,00,2.0,True,2433
1.0,0.1,00,2.5,True,2436
1.0,0.1,00,3.0,True,2437
1.0,0.1,00,3.5,True,2439
1.0,0.1,00,4.0,True,2439
1.0,0.1,00,4.5,True,2441
1.0,0.1,00,5.0,True,2438
1.0,0.1,00,5.5,True,2437
1.0,0.1,00,6.0,True,2436
1.0,0.1,00,6.5,True,2436
1.0,0.1,00,7.0,True,2434
1.0,0.1,00,7.5,True,2436
1.0,0.1,00,8.0,True,2437
1.0,0.1,00,8.5,True,2435
1.0,0.1,00,9.0,True,2434
1.0,0.1,00,9.5,True,2434
1.0,0.1,00,10.0,True,2433
1.0,0.1,00,10.5,True,2434
1.0,0.1,00,11.0,True,2436
1.0,0.1,00,11.5,True,2438
1.0,0.1,00,12.0,True,2437
1.0,0.1,00,12.5,True,2436
1.0,0.1,00,13.0,True,2432
1.0,0.1,00,13.5,True,2430
1.0,0.1,00,14.0,True,2434
1.0,0.1,00,14.5,True,2431
1.0,0.1,00,15.0,True,2433
1.0,0.1,00,15.5,True,2431
1.0,0.1,00,16.0,True,2431
1.0,0.1,00,16.5,True,2436
1.0,0.1,00,17.0,True,2435
1.0,0.1,00,17.5,True,2431
1.0,0.1,00,18.0,True,2433
1.0,0.1,00,18.5,True,2433
1.0,0.1,00,19.0,True,2434
1.0,0.1,00,19.5,True,2432
1.0,0.1,00,20.0,True,2432
1.0,0.3,00,1.0,True,2429
1.0,0.3,00,1.5,True,2433
1.0,0.3,00,2.0,True,2437
1.0,0.3,00,2.5,True,2436
1.0,0.3,00,3.0,True,2441
1.0,0.3,00,3.5,True,2439
1.0,0.3,00,4.0,True,2441
1.0,0.3,00,4.5,True,2438
1.0,0.3,00,5.0,True,2440
1.0,0.3,00,5.5,True,2436
1.0,0.3,00,6.0,True,2438
1.0,0.3,00,6.5,True,2437
1.0,0.3,00,7.0,True,2437
1.0,0.3,00,7.5,True,2438
1.0,0.3,00,8.0,True,2441
1.0,0.3,00,8.5,True,2438
1.0,0.3,00,9.0,True,2439
1.0,0.3,00,9.5,True,2439
1.0,0.3,00,10.0,True,2440
1.0,0.3,00,10.5,True,2437
1.0,0.3,00,11.0,True,2438
1.0,0.3,00,11.5,True,2440
1.0,0.3,00,12.0,True,2440
1.0,0.3,00,12.5,True,2437
1.0,0.3,00,13.0,True,2436
1.0,0.3,00,13.5,True,2434
1.0,0.3,00,14.0,True,2433
1.0,0.3,00,14.5,True,2432
1.0,0.3,00,15.0,True,2432
1.0,0.3,00,15.5,True,2435
1.0,0.3,00,16.0,True,2436
1.0,0.3,00,16.5,True,2435
1.0,0.3,00,17.0,True,2436
1.0,0.3,00,17.5,True,2436
1.0,0.3,00,18.0,True,2435
1.0,0.3,00,18.5,True,2436
1.0,0.3,00,19.0,True,2438
1.0,0.3,00,19.5,True,2437
1.0,0.3,00,20.0,True,2436
1.0,1.0,00,1.0,True,2442
1.0,1.0,00,1.5,True,2456
1.0,1.0,00,2.0,True,2455
1.0,1.0,00,2.5,True,2460
1.0,1.0,00,3.0,True,2458
1.0,1.0,00,3.5,True,2459
1.0,1.0,00,4.0,True,2456
1.0,1.0,00,4.5,True,2456
1.0,1.0,00,5.0,True,2457
1.0,1.0,00,5.5,True,2452
1.0,1.0,00,6.0,True,2454
1.0,1.0,00,6.5,True,2453
1.0,1.0,00,7.0,True,2454
1.0,1.0,00,7.5,True,2452
1.0,1.0,00,8.0,True,2455
1.0,1.0,00,8.5,True,2452
1.0,1.0,00,9.0,True,2454
1.0,1.0,00,9.5,True,2452
1.0,1.0,00,10.0,True,2454
1.0,1.0,00,10.5,True,2454
1.0,1.0,00,11.0,True,2457
1.0,1.0,00,11.5,True,2455
1.0,1.0,00,12.0,True,2454
1.0,1.0,00,12.5,True,2454
1.0,1.0,00,13.0,True,2451
1.0,1.0,00,13.5,True,2450
1.0,1.0,00,14.0,True,2451
1.0,1.0,00,14.5,True,2449
1.0,1.0,00,15.0,True,2450
1.0,1.0,00,15.5,True,2449
1.0,1.0,00,16.0,True,2450
1.0,1.0,00,16.5,True,2451
1.0,1.0,00,17.0,True,2450
1.0,1.0,00,17.5,True,2451
1.0,1.0,00,18.0,True,2450
1.0,1.0,00,18.5,True,2448
1.0,1.0,00,19.0,True,2449
1.0,1.0,00,19.5,True,2449
1.0,1.0,00,20.0,True,2448
